# time, all_Ur_only, Ur_only_3term,
 (0.000000000000000000e+00+0.000000000000000000e+00j)	 (0.000000000000000000e+00+4.666473657263651466e-03j)	 (0.000000000000000000e+00+4.949316369738278668e-03j)
 (2.000000000000000042e-02+0.000000000000000000e+00j)	 (-0.000000000000000000e+00-2.445645886429948790e-01j)	 (-0.000000000000000000e+00-2.258616142806106897e-01j)
 (4.000000000000000083e-02+0.000000000000000000e+00j)	 (-0.000000000000000000e+00-4.004957682356628523e-01j)	 (-0.000000000000000000e+00-3.671556835027171561e-01j)
 (5.999999999999999778e-02+0.000000000000000000e+00j)	 (-0.000000000000000000e+00-4.035946228696017379e-01j)	 (-0.000000000000000000e+00-3.762295904376823374e-01j)
 (8.000000000000000167e-02+0.000000000000000000e+00j)	 (-0.000000000000000000e+00-2.560691215231328810e-01j)	 (-0.000000000000000000e+00-2.460282052302839029e-01j)
 (1.000000000000000056e-01+0.000000000000000000e+00j)	 (-0.000000000000000000e+00-2.552625368503338293e-02j)	 (-0.000000000000000000e+00-4.281501448504446139e-02j)
 (1.199999999999999956e-01+0.000000000000000000e+00j)	 (0.000000000000000000e+00+2.133251188320080538e-01j)	 (0.000000000000000000e+00+1.706158692483405737e-01j)
 (1.400000000000000133e-01+0.000000000000000000e+00j)	 (0.000000000000000000e+00+3.469712262545428527e-01j)	 (0.000000000000000000e+00+2.904380390986783800e-01j)
 (1.600000000000000033e-01+0.000000000000000000e+00j)	 (0.000000000000000000e+00+3.259169892336878926e-01j)	 (0.000000000000000000e+00+2.653532934250600883e-01j)
 (1.799999999999999933e-01+0.000000000000000000e+00j)	 (0.000000000000000000e+00+1.604826873489940686e-01j)	 (0.000000000000000000e+00+1.123640708892495038e-01j)
 (2.000000000000000111e-01+0.000000000000000000e+00j)	 (-0.000000000000000000e+00-9.283979630750172074e-02j)	 (-0.000000000000000000e+00-1.164925181381917252e-01j)
 (2.200000000000000011e-01+0.000000000000000000e+00j)	 (-0.000000000000000000e+00-3.292011886936500598e-01j)	 (-0.000000000000000000e+00-3.345398448916084844e-01j)
 (2.399999999999999911e-01+0.000000000000000000e+00j)	 (-0.000000000000000000e+00-4.685949314192416892e-01j)	 (-0.000000000000000000e+00-4.611349548777236018e-01j)
 (2.600000000000000089e-01+0.000000000000000000e+00j)	 (-0.000000000000000000e+00-4.526442171517480739e-01j)	 (-0.000000000000000000e+00-4.474823376490862925e-01j)
 (2.800000000000000266e-01+0.000000000000000000e+00j)	 (-0.000000000000000000e+00-2.863153409815594741e-01j)	 (-0.000000000000000000e+00-3.003160552490530821e-01j)
 (2.999999999999999889e-01+0.000000000000000000e+00j)	 (-0.000000000000000000e+00-4.783798000153571123e-02j)	 (-0.000000000000000000e+00-8.895623932753345120e-02j)
 (3.200000000000000067e-01+0.000000000000000000e+00j)	 (0.000000000000000000e+00+1.965358275878947014e-01j)	 (0.000000000000000000e+00+1.314466483796730145e-01j)
 (3.400000000000000244e-01+0.000000000000000000e+00j)	 (0.000000000000000000e+00+3.136868556615462489e-01j)	 (0.000000000000000000e+00+2.386628261776535531e-01j)
 (3.599999999999999867e-01+0.000000000000000000e+00j)	 (0.000000000000000000e+00+2.703658618145015069e-01j)	 (0.000000000000000000e+00+1.982056147944143143e-01j)
 (3.800000000000000044e-01+0.000000000000000000e+00j)	 (0.000000000000000000e+00+9.501767286394965928e-02j)	 (0.000000000000000000e+00+3.784808960501730157e-02j)
 (4.000000000000000222e-01+0.000000000000000000e+00j)	 (-0.000000000000000000e+00-1.471926047933694581e-01j)	 (-0.000000000000000000e+00-1.808508875778491176e-01j)
 (4.199999999999999845e-01+0.000000000000000000e+00j)	 (-0.000000000000000000e+00-3.750343272654077520e-01j)	 (-0.000000000000000000e+00-3.875501172924096238e-01j)
 (4.400000000000000022e-01+0.000000000000000000e+00j)	 (-0.000000000000000000e+00-4.962671572875254067e-01j)	 (-0.000000000000000000e+00-4.958782485578728250e-01j)
 (4.600000000000000200e-01+0.000000000000000000e+00j)	 (-0.000000000000000000e+00-4.455817713112341649e-01j)	 (-0.000000000000000000e+00-4.502840314061247184e-01j)
 (4.799999999999999822e-01+0.000000000000000000e+00j)	 (-0.000000000000000000e+00-2.621737843860375006e-01j)	 (-0.000000000000000000e+00-2.851901101136596339e-01j)
 (5.000000000000000000e-01+0.000000000000000000e+00j)	 (-0.000000000000000000e+00-1.508629893485421980e-02j)	 (-0.000000000000000000e+00-6.278065132588685204e-02j)
 (5.200000000000000178e-01+0.000000000000000000e+00j)	 (0.000000000000000000e+00+2.119339246267509247e-01j)	 (0.000000000000000000e+00+1.460669279592240466e-01j)
 (5.400000000000000355e-01+0.000000000000000000e+00j)	 (0.000000000000000000e+00+3.202298228451804230e-01j)	 (0.000000000000000000e+00+2.440390671723299543e-01j)
 (5.600000000000000533e-01+0.000000000000000000e+00j)	 (0.000000000000000000e+00+2.709440797351424512e-01j)	 (0.000000000000000000e+00+1.990666754275299266e-01j)
 (5.799999999999999600e-01+0.000000000000000000e+00j)	 (0.000000000000000000e+00+8.497532803611340668e-02j)	 (0.000000000000000000e+00+3.784666107003001323e-02j)
 (5.999999999999999778e-01+0.000000000000000000e+00j)	 (-0.000000000000000000e+00-1.680229221889023572e-01j)	 (-0.000000000000000000e+00-1.898371663885073390e-01j)
 (6.199999999999999956e-01+0.000000000000000000e+00j)	 (-0.000000000000000000e+00-3.807545201897810649e-01j)	 (-0.000000000000000000e+00-3.784210678118654636e-01j)
 (6.400000000000000133e-01+0.000000000000000000e+00j)	 (-0.000000000000000000e+00-4.669470435844907397e-01j)	 (-0.000000000000000000e+00-4.524159992311072020e-01j)
 (6.600000000000000311e-01+0.000000000000000000e+00j)	 (-0.000000000000000000e+00-4.071701622871414794e-01j)	 (-0.000000000000000000e+00-3.957857431100380574e-01j)
 (6.800000000000000488e-01+0.000000000000000000e+00j)	 (-0.000000000000000000e+00-1.983373016277919232e-01j)	 (-0.000000000000000000e+00-2.068932936801491373e-01j)
 (7.000000000000000666e-01+0.000000000000000000e+00j)	 (0.000000000000000000e+00+6.255624984056931681e-02j)	 (0.000000000000000000e+00+2.995862722786948179e-02j)
 (7.199999999999999734e-01+0.000000000000000000e+00j)	 (0.000000000000000000e+00+2.754575610831468957e-01j)	 (0.000000000000000000e+00+2.267025485203344737e-01j)
 (7.399999999999999911e-01+0.000000000000000000e+00j)	 (0.000000000000000000e+00+3.701868810422601630e-01j)	 (0.000000000000000000e+00+3.153861055003027714e-01j)
 (7.600000000000000089e-01+0.000000000000000000e+00j)	 (0.000000000000000000e+00+3.129013904639162957e-01j)	 (0.000000000000000000e+00+2.662323429056041579e-01j)
 (7.800000000000000266e-01+0.000000000000000000e+00j)	 (0.000000000000000000e+00+1.174634739141654782e-01j)	 (0.000000000000000000e+00+9.313900064134825185e-02j)
 (8.000000000000000444e-01+0.000000000000000000e+00j)	 (-0.000000000000000000e+00-1.354522907321224490e-01j)	 (-0.000000000000000000e+00-1.295125937701554486e-01j)
 (8.200000000000000622e-01+0.000000000000000000e+00j)	 (-0.000000000000000000e+00-3.336778227158230803e-01j)	 (-0.000000000000000000e+00-3.050753534168272330e-01j)
 (8.399999999999999689e-01+0.000000000000000000e+00j)	 (-0.000000000000000000e+00-4.092797869514306353e-01j)	 (-0.000000000000000000e+00-3.670655121145937616e-01j)
 (8.599999999999999867e-01+0.000000000000000000e+00j)	 (-0.000000000000000000e+00-3.174069641080630166e-01j)	 (-0.000000000000000000e+00-2.820869803877949500e-01j)
 (8.800000000000000044e-01+0.000000000000000000e+00j)	 (-0.000000000000000000e+00-1.066702975264259973e-01j)	 (-0.000000000000000000e+00-9.189176579962715641e-02j)
 (9.000000000000000222e-01+0.000000000000000000e+00j)	 (0.000000000000000000e+00+1.587843452122826293e-01j)	 (0.000000000000000000e+00+1.517486327394764745e-01j)
 (9.200000000000000400e-01+0.000000000000000000e+00j)	 (0.000000000000000000e+00+3.628369497505630203e-01j)	 (0.000000000000000000e+00+3.433208025898143445e-01j)
 (9.400000000000000577e-01+0.000000000000000000e+00j)	 (0.000000000000000000e+00+4.424217260614133340e-01j)	 (0.000000000000000000e+00+4.188043595697826249e-01j)
 (9.599999999999999645e-01+0.000000000000000000e+00j)	 (0.000000000000000000e+00+3.686352686838815784e-01j)	 (0.000000000000000000e+00+3.521596806822350212e-01j)
 (9.799999999999999822e-01+0.000000000000000000e+00j)	 (0.000000000000000000e+00+1.546066144081551519e-01j)	 (0.000000000000000000e+00+1.634454491729870063e-01j)
 (1.000000000000000000e+00+0.000000000000000000e+00j)	 (-0.000000000000000000e+00-9.893488616942086589e-02j)	 (-0.000000000000000000e+00-6.365025778821215008e-02j)
 (1.020000000000000018e+00+0.000000000000000000e+00j)	 (-0.000000000000000000e+00-2.845017349073062363e-01j)	 (-0.000000000000000000e+00-2.275442836827298032e-01j)
 (1.040000000000000036e+00+0.000000000000000000e+00j)	 (-0.000000000000000000e+00-3.412916410733785599e-01j)	 (-0.000000000000000000e+00-2.746114716074871120e-01j)
 (1.060000000000000053e+00+0.000000000000000000e+00j)	 (-0.000000000000000000e+00-2.371452377915606313e-01j)	 (-0.000000000000000000e+00-1.775714914765940122e-01j)
 (1.080000000000000071e+00+0.000000000000000000e+00j)	 (-0.000000000000000000e+00-1.375968593875299267e-02j)	 (0.000000000000000000e+00+2.675753262323617154e-02j)
 (1.100000000000000089e+00+0.000000000000000000e+00j)	 (0.000000000000000000e+00+2.443026732465831963e-01j)	 (0.000000000000000000e+00+2.602479311623398517e-01j)
 (1.120000000000000107e+00+0.000000000000000000e+00j)	 (0.000000000000000000e+00+4.391577164466275440e-01j)	 (0.000000000000000000e+00+4.386627416997969653e-01j)
 (1.140000000000000124e+00+0.000000000000000000e+00j)	 (0.000000000000000000e+00+4.903442171517480297e-01j)	 (0.000000000000000000e+00+4.850055609537896051e-01j)
 (1.159999999999999920e+00+0.000000000000000000e+00j)	 (0.000000000000000000e+00+3.841211851042751202e-01j)	 (0.000000000000000000e+00+3.900255267271828252e-01j)
 (1.179999999999999938e+00+0.000000000000000000e+00j)	 (0.000000000000000000e+00+1.544228609144386033e-01j)	 (0.000000000000000000e+00+1.869497728490197852e-01j)
 (1.199999999999999956e+00+0.000000000000000000e+00j)	 (-0.000000000000000000e+00-9.202269811711899505e-02j)	 (-0.000000000000000000e+00-3.449956146759336484e-02j)
 (1.219999999999999973e+00+0.000000000000000000e+00j)	 (-0.000000000000000000e+00-2.634229685956880895e-01j)	 (-0.000000000000000000e+00-1.896010206398125175e-01j)
 (1.239999999999999991e+00+0.000000000000000000e+00j)	 (-0.000000000000000000e+00-3.078294963486655211e-01j)	 (-0.000000000000000000e+00-2.293406436369587742e-01j)
 (1.260000000000000009e+00+0.000000000000000000e+00j)	 (-0.000000000000000000e+00-2.008022272803375863e-01j)	 (-0.000000000000000000e+00-1.322835801833611158e-01j)
 (1.280000000000000027e+00+0.000000000000000000e+00j)	 (0.000000000000000000e+00+2.458759223055701632e-02j)	 (0.000000000000000000e+00+6.980707088743673405e-02j)
 (1.300000000000000044e+00+0.000000000000000000e+00j)	 (0.000000000000000000e+00+2.815553338028094488e-01j)	 (0.000000000000000000e+00+3.023442731696939223e-01j)
 (1.320000000000000062e+00+0.000000000000000000e+00j)	 (0.000000000000000000e+00+4.566101244711595064e-01j)	 (0.000000000000000000e+00+4.579889826944733011e-01j)
 (1.340000000000000080e+00+0.000000000000000000e+00j)	 (0.000000000000000000e+00+4.922388347648318785e-01j)	 (0.000000000000000000e+00+4.893043416229077014e-01j)
 (1.360000000000000098e+00+0.000000000000000000e+00j)	 (0.000000000000000000e+00+3.590731620302395344e-01j)	 (0.000000000000000000e+00+3.694676317136817989e-01j)
 (1.380000000000000115e+00+0.000000000000000000e+00j)	 (0.000000000000000000e+00+1.252071754894893418e-01j)	 (0.000000000000000000e+00+1.585826155614943889e-01j)
 (1.400000000000000133e+00+0.000000000000000000e+00j)	 (-0.000000000000000000e+00-1.340491176786688388e-01j)	 (-0.000000000000000000e+00-7.963725086636400108e-02j)
 (1.419999999999999929e+00+0.000000000000000000e+00j)	 (-0.000000000000000000e+00-2.981013650832023965e-01j)	 (-0.000000000000000000e+00-2.276735296770222572e-01j)
 (1.439999999999999947e+00+0.000000000000000000e+00j)	 (-0.000000000000000000e+00-3.255584718643889652e-01j)	 (-0.000000000000000000e+00-2.537164228958357359e-01j)
 (1.459999999999999964e+00+0.000000000000000000e+00j)	 (-0.000000000000000000e+00-1.963368070774394736e-01j)	 (-0.000000000000000000e+00-1.434452198446857230e-01j)
 (1.479999999999999982e+00+0.000000000000000000e+00j)	 (0.000000000000000000e+00+3.403387821996525092e-02j)	 (0.000000000000000000e+00+6.550012998276660836e-02j)
 (1.500000000000000000e+00+0.000000000000000000e+00j)	 (0.000000000000000000e+00+2.731997168310739132e-01j)	 (0.000000000000000000e+00+2.776898448916084727e-01j)
 (1.520000000000000018e+00+0.000000000000000000e+00j)	 (0.000000000000000000e+00+4.287974007182375757e-01j)	 (0.000000000000000000e+00+4.184029310347953112e-01j)
 (1.540000000000000036e+00+0.000000000000000000e+00j)	 (0.000000000000000000e+00+4.369907556728503950e-01j)	 (0.000000000000000000e+00+4.154593541857200534e-01j)
 (1.560000000000000053e+00+0.000000000000000000e+00j)	 (0.000000000000000000e+00+2.980306438920478640e-01j)	 (0.000000000000000000e+00+2.848784577619780656e-01j)
 (1.580000000000000071e+00+0.000000000000000000e+00j)	 (0.000000000000000000e+00+4.377262632961929217e-02j)	 (0.000000000000000000e+00+5.752585322369765247e-02j)
 (1.600000000000000089e+00+0.000000000000000000e+00j)	 (-0.000000000000000000e+00-2.102421408802489511e-01j)	 (-0.000000000000000000e+00-1.766545687738879378e-01j)
 (1.620000000000000107e+00+0.000000000000000000e+00j)	 (-0.000000000000000000e+00-3.650197670823236984e-01j)	 (-0.000000000000000000e+00-3.185274962193082038e-01j)
 (1.640000000000000124e+00+0.000000000000000000e+00j)	 (-0.000000000000000000e+00-3.773292818880423227e-01j)	 (-0.000000000000000000e+00-3.337361488278916544e-01j)
 (1.660000000000000142e+00+0.000000000000000000e+00j)	 (-0.000000000000000000e+00-2.351560406364640587e-01j)	 (-0.000000000000000000e+00-2.108315673636468324e-01j)
 (1.679999999999999938e+00+0.000000000000000000e+00j)	 (0.000000000000000000e+00+4.716652224137066543e-03j)	 (0.000000000000000000e+00+3.585281374238577685e-03j)
 (1.699999999999999956e+00+0.000000000000000000e+00j)	 (0.000000000000000000e+00+2.307620326888212836e-01j)	 (0.000000000000000000e+00+2.053415439051649027e-01j)
 (1.719999999999999973e+00+0.000000000000000000e+00j)	 (0.000000000000000000e+00+3.729733204729170915e-01j)	 (0.000000000000000000e+00+3.280366845285119792e-01j)
 (1.739999999999999991e+00+0.000000000000000000e+00j)	 (0.000000000000000000e+00+3.611575610831470606e-01j)	 (0.000000000000000000e+00+3.127914572499871926e-01j)
 (1.760000000000000009e+00+0.000000000000000000e+00j)	 (0.000000000000000000e+00+1.965963039362831899e-01j)	 (0.000000000000000000e+00+1.619834269972016960e-01j)
 (1.780000000000000027e+00+0.000000000000000000e+00j)	 (-0.000000000000000000e+00-5.367513895620408537e-02j)	 (-0.000000000000000000e+00-6.608486296602798793e-02j)
 (1.800000000000000044e+00+0.000000000000000000e+00j)	 (-0.000000000000000000e+00-2.989999566724111935e-01j)	 (-0.000000000000000000e+00-2.926359956417322605e-01j)
 (1.820000000000000062e+00+0.000000000000000000e+00j)	 (-0.000000000000000000e+00-4.422121499812308731e-01j)	 (-0.000000000000000000e+00-4.248880338421604508e-01j)
 (1.840000000000000080e+00+0.000000000000000000e+00j)	 (-0.000000000000000000e+00-4.368149891043305311e-01j)	 (-0.000000000000000000e+00-4.229203408540148645e-01j)
 (1.860000000000000098e+00+0.000000000000000000e+00j)	 (-0.000000000000000000e+00-2.690106295345479070e-01j)	 (-0.000000000000000000e+00-2.722279653889467244e-01j)
 (1.880000000000000115e+00+0.000000000000000000e+00j)	 (-0.000000000000000000e+00-3.707027432303313524e-02j)	 (-0.000000000000000000e+00-6.630913972509687448e-02j)
 (1.900000000000000133e+00+0.000000000000000000e+00j)	 (0.000000000000000000e+00+1.957148031036180791e-01j)	 (0.000000000000000000e+00+1.417625556990844971e-01j)
 (1.919999999999999929e+00+0.000000000000000000e+00j)	 (0.000000000000000000e+00+3.239259862856610495e-01j)	 (0.000000000000000000e+00+2.507757897719127271e-01j)
 (1.939999999999999947e+00+0.000000000000000000e+00j)	 (0.000000000000000000e+00+2.923436486365748599e-01j)	 (0.000000000000000000e+00+2.234360928099458077e-01j)
 (1.959999999999999964e+00+0.000000000000000000e+00j)	 (0.000000000000000000e+00+1.248020614038210935e-01j)	 (0.000000000000000000e+00+7.095588001646550846e-02j)
 (1.979999999999999982e+00+0.000000000000000000e+00j)	 (-0.000000000000000000e+00-1.266766668367260706e-01j)	 (-0.000000000000000000e+00-1.611127670805109213e-01j)
 (2.000000000000000000e+00+0.000000000000000000e+00j)	 (-0.000000000000000000e+00-3.648589484678665396e-01j)	 (-0.000000000000000000e+00-3.743695346748255881e-01j)
 (2.020000000000000018e+00+0.000000000000000000e+00j)	 (-0.000000000000000000e+00-4.921932503525602298e-01j)	 (-0.000000000000000000e+00-4.908851028073651368e-01j)
 (2.040000000000000036e+00+0.000000000000000000e+00j)	 (-0.000000000000000000e+00-4.641385515959057795e-01j)	 (-0.000000000000000000e+00-4.659770292269908021e-01j)
 (2.060000000000000053e+00+0.000000000000000000e+00j)	 (-0.000000000000000000e+00-2.874645221120131211e-01j)	 (-0.000000000000000000e+00-3.080059741054823053e-01j)
 (2.080000000000000071e+00+0.000000000000000000e+00j)	 (-0.000000000000000000e+00-3.426853198188786753e-02j)	 (-0.000000000000000000e+00-8.093757954020000533e-02j)
 (2.100000000000000089e+00+0.000000000000000000e+00j)	 (0.000000000000000000e+00+1.967484953228708644e-01j)	 (0.000000000000000000e+00+1.268509900025806547e-01j)
 (2.120000000000000107e+00+0.000000000000000000e+00j)	 (0.000000000000000000e+00+3.134840905032674208e-01j)	 (0.000000000000000000e+00+2.323789427011704323e-01j)
 (2.140000000000000124e+00+0.000000000000000000e+00j)	 (0.000000000000000000e+00+2.724959393686973153e-01j)	 (0.000000000000000000e+00+1.984618593784657770e-01j)
 (2.160000000000000142e+00+0.000000000000000000e+00j)	 (0.000000000000000000e+00+8.404997987580398178e-02j)	 (0.000000000000000000e+00+2.907242763854991918e-02j)
 (2.180000000000000160e+00+0.000000000000000000e+00j)	 (-0.000000000000000000e+00-1.543420997299810860e-01j)	 (-0.000000000000000000e+00-1.851366000506552423e-01j)
 (2.200000000000000178e+00+0.000000000000000000e+00j)	 (-0.000000000000000000e+00-3.831910335852585781e-01j)	 (-0.000000000000000000e+00-3.896257052940561572e-01j)
 (2.220000000000000195e+00+0.000000000000000000e+00j)	 (-0.000000000000000000e+00-4.880159685938753600e-01j)	 (-0.000000000000000000e+00-4.826773123959169354e-01j)
 (2.240000000000000213e+00+0.000000000000000000e+00j)	 (-0.000000000000000000e+00-4.322734018715767013e-01j)	 (-0.000000000000000000e+00-4.314602290732121870e-01j)
 (2.260000000000000231e+00+0.000000000000000000e+00j)	 (-0.000000000000000000e+00-2.376553644400413723e-01j)	 (-0.000000000000000000e+00-2.524692515058995501e-01j)
 (2.280000000000000249e+00+0.000000000000000000e+00j)	 (0.000000000000000000e+00+1.794321228148935271e-02j)	 (-0.000000000000000000e+00-2.306898102733039718e-02j)
 (2.300000000000000266e+00+0.000000000000000000e+00j)	 (0.000000000000000000e+00+2.483757464443239193e-01j)	 (0.000000000000000000e+00+1.861503496999077356e-01j)
 (2.319999999999999840e+00+0.000000000000000000e+00j)	 (0.000000000000000000e+00+3.494477070905565030e-01j)	 (0.000000000000000000e+00+2.819190094872412455e-01j)
 (2.339999999999999858e+00+0.000000000000000000e+00j)	 (0.000000000000000000e+00+2.914136883747887041e-01j)	 (0.000000000000000000e+00+2.348097905408055852e-01j)
 (2.359999999999999876e+00+0.000000000000000000e+00j)	 (0.000000000000000000e+00+9.921252506185262998e-02j)	 (0.000000000000000000e+00+6.201870837144022458e-02j)
 (2.379999999999999893e+00+0.000000000000000000e+00j)	 (-0.000000000000000000e+00-1.573145094216561457e-01j)	 (-0.000000000000000000e+00-1.659058568130726830e-01j)
 (2.399999999999999911e+00+0.000000000000000000e+00j)	 (-0.000000000000000000e+00-3.549522474045335718e-01j)	 (-0.000000000000000000e+00-3.386180807591243069e-01j)
 (2.419999999999999929e+00+0.000000000000000000e+00j)	 (-0.000000000000000000e+00-4.357511939501680365e-01j)	 (-0.000000000000000000e+00-4.084568721963672822e-01j)
 (2.439999999999999947e+00+0.000000000000000000e+00j)	 (-0.000000000000000000e+00-3.578377379828774352e-01j)	 (-0.000000000000000000e+00-3.373316413284675463e-01j)
 (2.459999999999999964e+00+0.000000000000000000e+00j)	 (-0.000000000000000000e+00-1.466406637611548103e-01j)	 (-0.000000000000000000e+00-1.418676929881456106e-01j)
 (2.479999999999999982e+00+0.000000000000000000e+00j)	 (0.000000000000000000e+00+1.178374548139513728e-01j)	 (0.000000000000000000e+00+9.789704358449073662e-02j)
 (2.500000000000000000e+00+0.000000000000000000e+00j)	 (0.000000000000000000e+00+3.240607700303503869e-01j)	 (0.000000000000000000e+00+2.925945182675490086e-01j)
 (2.520000000000000018e+00+0.000000000000000000e+00j)	 (0.000000000000000000e+00+4.144744045645145092e-01j)	 (0.000000000000000000e+00+3.753006888867797541e-01j)
 (2.540000000000000036e+00+0.000000000000000000e+00j)	 (0.000000000000000000e+00+3.320873375215417367e-01j)	 (0.000000000000000000e+00+3.062779400082327741e-01j)
 (2.560000000000000053e+00+0.000000000000000000e+00j)	 (0.000000000000000000e+00+1.355741901038911845e-01j)	 (0.000000000000000000e+00+1.347610173055266425e-01j)
 (2.580000000000000071e+00+0.000000000000000000e+00j)	 (-0.000000000000000000e+00-1.127270038462768881e-01j)	 (-0.000000000000000000e+00-8.801362184380703835e-02j)
 (2.600000000000000089e+00+0.000000000000000000e+00j)	 (-0.000000000000000000e+00-3.092214175117732333e-01j)	 (-0.000000000000000000e+00-2.655575737735039188e-01j)
 (2.620000000000000107e+00+0.000000000000000000e+00j)	 (-0.000000000000000000e+00-3.680060458929819700e-01j)	 (-0.000000000000000000e+00-3.126042295870160026e-01j)
 (2.640000000000000124e+00+0.000000000000000000e+00j)	 (-0.000000000000000000e+00-2.751269045007421199e-01j)	 (-0.000000000000000000e+00-2.234020434569461699e-01j)
 (2.660000000000000142e+00+0.000000000000000000e+00j)	 (-0.000000000000000000e+00-4.803995475017912298e-02j)	 (-0.000000000000000000e+00-1.477058069535205909e-02j)
 (2.680000000000000160e+00+0.000000000000000000e+00j)	 (0.000000000000000000e+00+2.119699657733931653e-01j)	 (0.000000000000000000e+00+2.204552471476317332e-01j)
 (2.700000000000000178e+00+0.000000000000000000e+00j)	 (0.000000000000000000e+00+4.087978011795732058e-01j)	 (0.000000000000000000e+00+3.993579256507328035e-01j)
 (2.720000000000000195e+00+0.000000000000000000e+00j)	 (0.000000000000000000e+00+4.746470435844907243e-01j)	 (0.000000000000000000e+00+4.618837661840735631e-01j)
 (2.740000000000000213e+00+0.000000000000000000e+00j)	 (0.000000000000000000e+00+3.797198484809835017e-01j)	 (0.000000000000000000e+00+3.773510407640085496e-01j)
 (2.760000000000000231e+00+0.000000000000000000e+00j)	 (0.000000000000000000e+00+1.671449261627237504e-01j)	 (0.000000000000000000e+00+1.902319625684645299e-01j)
 (2.780000000000000249e+00+0.000000000000000000e+00j)	 (-0.000000000000000000e+00-8.997880746188588463e-02j)	 (-0.000000000000000000e+00-3.821859107903059077e-02j)
 (2.800000000000000266e+00+0.000000000000000000e+00j)	 (-0.000000000000000000e+00-2.689180912721602645e-01j)	 (-0.000000000000000000e+00-1.989498752737514087e-01j)
 (2.819999999999999840e+00+0.000000000000000000e+00j)	 (-0.000000000000000000e+00-3.204496713261640317e-01j)	 (-0.000000000000000000e+00-2.442589156533135353e-01j)
 (2.839999999999999858e+00+0.000000000000000000e+00j)	 (-0.000000000000000000e+00-2.089614895543619455e-01j)	 (-0.000000000000000000e+00-1.416449239854026265e-01j)
 (2.859999999999999876e+00+0.000000000000000000e+00j)	 (0.000000000000000000e+00+2.115848147554907910e-02j)	 (0.000000000000000000e+00+6.945387463059027322e-02j)
 (2.879999999999999893e+00+0.000000000000000000e+00j)	 (0.000000000000000000e+00+2.672576678625206981e-01j)	 (0.000000000000000000e+00+2.884708712981171042e-01j)
 (2.899999999999999911e+00+0.000000000000000000e+00j)	 (0.000000000000000000e+00+4.531647925905821217e-01j)	 (0.000000000000000000e+00+4.569478138699301639e-01j)
 (2.919999999999999929e+00+0.000000000000000000e+00j)	 (0.000000000000000000e+00+4.954807611844574966e-01j)	 (0.000000000000000000e+00+4.949857864376269179e-01j)
 (2.939999999999999947e+00+0.000000000000000000e+00j)	 (0.000000000000000000e+00+3.805698611713404511e-01j)	 (0.000000000000000000e+00+3.909643308547827156e-01j)
 (2.959999999999999964e+00+0.000000000000000000e+00j)	 (0.000000000000000000e+00+1.452819446215896093e-01j)	 (0.000000000000000000e+00+1.808494157152729653e-01j)
 (2.979999999999999982e+00+0.000000000000000000e+00j)	 (-0.000000000000000000e+00-9.502668260627988861e-02j)	 (-0.000000000000000000e+00-3.633681976779644385e-02j)
 (3.000000000000000000e+00+0.000000000000000000e+00j)	 (-0.000000000000000000e+00-2.722859628271792065e-01j)	 (-0.000000000000000000e+00-1.994186090259054689e-01j)
 (3.020000000000000018e+00+0.000000000000000000e+00j)	 (-0.000000000000000000e+00-3.187460439707500148e-01j)	 (-0.000000000000000000e+00-2.417067601604756533e-01j)
 (3.040000000000000036e+00+0.000000000000000000e+00j)	 (-0.000000000000000000e+00-1.899011558790970611e-01j)	 (-0.000000000000000000e+00-1.266504543019603968e-01j)
 (3.060000000000000053e+00+0.000000000000000000e+00j)	 (0.000000000000000000e+00+4.993729637127398979e-02j)	 (0.000000000000000000e+00+8.921707806618670022e-02j)
 (3.080000000000000071e+00+0.000000000000000000e+00j)	 (0.000000000000000000e+00+2.915838961668401064e-01j)	 (0.000000000000000000e+00+3.060795851811643487e-01j)
 (3.100000000000000089e+00+0.000000000000000000e+00j)	 (0.000000000000000000e+00+4.509638131010374473e-01j)	 (0.000000000000000000e+00+4.460847763108502506e-01j)
 (3.120000000000000107e+00+0.000000000000000000e+00j)	 (0.000000000000000000e+00+4.655775216000221373e-01j)	 (0.000000000000000000e+00+4.574457936163768279e-01j)
 (3.140000000000000124e+00+0.000000000000000000e+00j)	 (0.000000000000000000e+00+3.359603030380329813e-01j)	 (0.000000000000000000e+00+3.359956583770923322e-01j)
 (3.160000000000000142e+00+0.000000000000000000e+00j)	 (0.000000000000000000e+00+9.052403691773171224e-02j)	 (0.000000000000000000e+00+1.158031043451507869e-01j)
 (3.180000000000000160e+00+0.000000000000000000e+00j)	 (-0.000000000000000000e+00-1.594388273309928217e-01j)	 (-0.000000000000000000e+00-1.157042729146048610e-01j)
 (3.200000000000000178e+00+0.000000000000000000e+00j)	 (-0.000000000000000000e+00-3.306259989760181872e-01j)	 (-0.000000000000000000e+00-2.727846642749585659e-01j)
 (3.220000000000000195e+00+0.000000000000000000e+00j)	 (-0.000000000000000000e+00-3.483143720050504433e-01j)	 (-0.000000000000000000e+00-2.918165401882453214e-01j)
 (3.240000000000000213e+00+0.000000000000000000e+00j)	 (-0.000000000000000000e+00-2.189715654414148005e-01j)	 (-0.000000000000000000e+00-1.771108439951711855e-01j)
 (3.260000000000000231e+00+0.000000000000000000e+00j)	 (0.000000000000000000e+00+1.895277784863584961e-02j)	 (0.000000000000000000e+00+3.072610575539187414e-02j)
 (3.280000000000000249e+00+0.000000000000000000e+00j)	 (0.000000000000000000e+00+2.518811795926681474e-01j)	 (0.000000000000000000e+00+2.402139177030900852e-01j)
 (3.300000000000000266e+00+0.000000000000000000e+00j)	 (0.000000000000000000e+00+4.080916051796286137e-01j)	 (0.000000000000000000e+00+3.747515204466829175e-01j)
 (3.320000000000000284e+00+0.000000000000000000e+00j)	 (0.000000000000000000e+00+4.033616322274855559e-01j)	 (0.000000000000000000e+00+3.698447707992432165e-01j)
 (3.339999999999999858e+00+0.000000000000000000e+00j)	 (0.000000000000000000e+00+2.369812408671318205e-01j)	 (0.000000000000000000e+00+2.130456763239672036e-01j)
 (3.359999999999999876e+00+0.000000000000000000e+00j)	 (-0.000000000000000000e+00-9.170963209812805009e-03j)	 (-0.000000000000000000e+00-1.016091270347397463e-02j)
 (3.379999999999999893e+00+0.000000000000000000e+00j)	 (-0.000000000000000000e+00-2.473797383673238537e-01j)	 (-0.000000000000000000e+00-2.259897582364308044e-01j)
 (3.399999999999999911e+00+0.000000000000000000e+00j)	 (-0.000000000000000000e+00-4.114583313685865051e-01j)	 (-0.000000000000000000e+00-3.802042116401411209e-01j)
 (3.419999999999999929e+00+0.000000000000000000e+00j)	 (-0.000000000000000000e+00-4.117753840540592236e-01j)	 (-0.000000000000000000e+00-3.820768992442242218e-01j)
 (3.439999999999999947e+00+0.000000000000000000e+00j)	 (-0.000000000000000000e+00-2.725680807591242538e-01j)	 (-0.000000000000000000e+00-2.618907683632074046e-01j)
 (3.459999999999999964e+00+0.000000000000000000e+00j)	 (-0.000000000000000000e+00-2.269937238768409901e-02j)	 (-0.000000000000000000e+00-4.172054480160222734e-02j)
 (3.479999999999999982e+00+0.000000000000000000e+00j)	 (0.000000000000000000e+00+2.146114409702551684e-01j)	 (0.000000000000000000e+00+1.683666574806549632e-01j)
 (3.500000000000000000e+00+0.000000000000000000e+00j)	 (0.000000000000000000e+00+3.447297309334848570e-01j)	 (0.000000000000000000e+00+2.869237515714845865e-01j)
 (3.520000000000000018e+00+0.000000000000000000e+00j)	 (0.000000000000000000e+00+3.204575483927899482e-01j)	 (0.000000000000000000e+00+2.616262641980692250e-01j)
 (3.540000000000000036e+00+0.000000000000000000e+00j)	 (0.000000000000000000e+00+1.558822562504265097e-01j)	 (0.000000000000000000e+00+1.076929291125632848e-01j)
 (3.560000000000000053e+00+0.000000000000000000e+00j)	 (-0.000000000000000000e+00-9.447472054799345431e-02j)	 (-0.000000000000000000e+00-1.216629762846161977e-01j)
 (3.580000000000000071e+00+0.000000000000000000e+00j)	 (-0.000000000000000000e+00-3.412133207280060310e-01j)	 (-0.000000000000000000e+00-3.457034487885405905e-01j)
 (3.600000000000000089e+00+0.000000000000000000e+00j)	 (-0.000000000000000000e+00-4.743913780286483917e-01j)	 (-0.000000000000000000e+00-4.668606908090116581e-01j)
 (3.620000000000000107e+00+0.000000000000000000e+00j)	 (-0.000000000000000000e+00-4.515020075631964724e-01j)	 (-0.000000000000000000e+00-4.512898755288404784e-01j)
 (3.640000000000000124e+00+0.000000000000000000e+00j)	 (-0.000000000000000000e+00-2.897622186895337237e-01j)	 (-0.000000000000000000e+00-3.033740242273747501e-01j)
 (3.660000000000000142e+00+0.000000000000000000e+00j)	 (-0.000000000000000000e+00-3.856709075654365937e-02j)	 (-0.000000000000000000e+00-8.053387821996524365e-02j)
 (3.680000000000000160e+00+0.000000000000000000e+00j)	 (0.000000000000000000e+00+1.933521226782849156e-01j)	 (0.000000000000000000e+00+1.250809629547237622e-01j)
 (3.700000000000000178e+00+0.000000000000000000e+00j)	 (0.000000000000000000e+00+3.130288866832245942e-01j)	 (0.000000000000000000e+00+2.349289427011704567e-01j)
 (3.720000000000000195e+00+0.000000000000000000e+00j)	 (0.000000000000000000e+00+2.725457608018239108e-01j)	 (0.000000000000000000e+00+2.000673157302028105e-01j)
 (3.740000000000000213e+00+0.000000000000000000e+00j)	 (0.000000000000000000e+00+9.571975439196674096e-02j)	 (0.000000000000000000e+00+3.759557697843253499e-02j)
 (3.760000000000000231e+00+0.000000000000000000e+00j)	 (-0.000000000000000000e+00-1.571461581839627419e-01j)	 (-0.000000000000000000e+00-1.933853807197732921e-01j)
 (3.780000000000000249e+00+0.000000000000000000e+00j)	 (-0.000000000000000000e+00-3.867857251631631188e-01j)	 (-0.000000000000000000e+00-3.978519462887326053e-01j)
 (3.800000000000000266e+00+0.000000000000000000e+00j)	 (-0.000000000000000000e+00-5.001315494167718478e-01j)	 (-0.000000000000000000e+00-4.969495689014323814e-01j)
 (3.820000000000000284e+00+0.000000000000000000e+00j)	 (-0.000000000000000000e+00-4.533099459042861934e-01j)	 (-0.000000000000000000e+00-4.571990332008121771e-01j)
 (3.839999999999999858e+00+0.000000000000000000e+00j)	 (-0.000000000000000000e+00-2.648509182150809993e-01j)	 (-0.000000000000000000e+00-2.833771158821685177e-01j)
 (3.859999999999999876e+00+0.000000000000000000e+00j)	 (-0.000000000000000000e+00-1.781429496103291432e-02j)	 (-0.000000000000000000e+00-6.367016972098051009e-02j)
 (3.879999999999999893e+00+0.000000000000000000e+00j)	 (0.000000000000000000e+00+2.187347128590654000e-01j)	 (0.000000000000000000e+00+1.486957861825378702e-01j)
 (3.899999999999999911e+00+0.000000000000000000e+00j)	 (0.000000000000000000e+00+3.247796442783070225e-01j)	 (0.000000000000000000e+00+2.490838633522871326e-01j)
 (3.919999999999999929e+00+0.000000000000000000e+00j)	 (0.000000000000000000e+00+2.726014390480231420e-01j)	 (0.000000000000000000e+00+2.043656346635213394e-01j)
 (3.939999999999999947e+00+0.000000000000000000e+00j)	 (0.000000000000000000e+00+8.491822125492679008e-02j)	 (0.000000000000000000e+00+3.690567081236022923e-02j)
 (3.959999999999999964e+00+0.000000000000000000e+00j)	 (-0.000000000000000000e+00-1.657201570306234828e-01j)	 (-0.000000000000000000e+00-1.869333604662199166e-01j)
 (3.979999999999999982e+00+0.000000000000000000e+00j)	 (-0.000000000000000000e+00-3.690118795026618437e-01j)	 (-0.000000000000000000e+00-3.675623106012294028e-01j)
 (4.000000000000000000e+00+0.000000000000000000e+00j)	 (-0.000000000000000000e+00-4.636129075763134044e-01j)	 (-0.000000000000000000e+00-4.504607214462436060e-01j)
 (4.020000000000000462e+00+0.000000000000000000e+00j)	 (-0.000000000000000000e+00-4.012598592491084526e-01j)	 (-0.000000000000000000e+00-3.900168614282423230e-01j)
 (4.040000000000000036e+00+0.000000000000000000e+00j)	 (-0.000000000000000000e+00-1.929077597742163974e-01j)	 (-0.000000000000000000e+00-1.993070761439546534e-01j)
 (4.060000000000000497e+00+0.000000000000000000e+00j)	 (0.000000000000000000e+00+6.363690642297414879e-02j)	 (0.000000000000000000e+00+3.450410703808839963e-02j)
 (4.080000000000000071e+00+0.000000000000000000e+00j)	 (0.000000000000000000e+00+2.777890058978662591e-01j)	 (0.000000000000000000e+00+2.319331311379186356e-01j)
 (4.099999999999999645e+00+0.000000000000000000e+00j)	 (0.000000000000000000e+00+3.751565509563703493e-01j)	 (0.000000000000000000e+00+3.212750142299554690e-01j)
 (4.120000000000000107e+00+0.000000000000000000e+00j)	 (0.000000000000000000e+00+3.167447147812974539e-01j)	 (0.000000000000000000e+00+2.738233331632740075e-01j)
 (4.139999999999999680e+00+0.000000000000000000e+00j)	 (0.000000000000000000e+00+1.198495128834865808e-01j)	 (0.000000000000000000e+00+9.711602986833908768e-02j)
 (4.160000000000000142e+00+0.000000000000000000e+00j)	 (-0.000000000000000000e+00-1.364233585439879604e-01j)	 (-0.000000000000000000e+00-1.293522907321224824e-01j)
 (4.179999999999999716e+00+0.000000000000000000e+00j)	 (-0.000000000000000000e+00-3.322382303559087702e-01j)	 (-0.000000000000000000e+00-2.990749223182597172e-01j)
 (4.200000000000000178e+00+0.000000000000000000e+00j)	 (-0.000000000000000000e+00-4.013782411240337522e-01j)	 (-0.000000000000000000e+00-3.580679507763577241e-01j)
 (4.219999999999999751e+00+0.000000000000000000e+00j)	 (-0.000000000000000000e+00-3.133765600573523158e-01j)	 (-0.000000000000000000e+00-2.786576171010928249e-01j)
 (4.240000000000000213e+00+0.000000000000000000e+00j)	 (-0.000000000000000000e+00-9.821397897755382300e-02j)	 (-0.000000000000000000e+00-7.742503961066933560e-02j)
 (4.259999999999999787e+00+0.000000000000000000e+00j)	 (0.000000000000000000e+00+1.675239375721969681e-01j)	 (0.000000000000000000e+00+1.615488852711706447e-01j)
 (4.280000000000000249e+00+0.000000000000000000e+00j)	 (0.000000000000000000e+00+3.645436993980027962e-01j)	 (0.000000000000000000e+00+3.483863094478901745e-01j)
 (4.299999999999999822e+00+0.000000000000000000e+00j)	 (0.000000000000000000e+00+4.438939825669288020e-01j)	 (0.000000000000000000e+00+4.221504490454424663e-01j)
 (4.320000000000000284e+00+0.000000000000000000e+00j)	 (0.000000000000000000e+00+3.663868145112784691e-01j)	 (0.000000000000000000e+00+3.534821157546239601e-01j)
 (4.339999999999999858e+00+0.000000000000000000e+00j)	 (0.000000000000000000e+00+1.546046068449588029e-01j)	 (0.000000000000000000e+00+1.671557522110200256e-01j)
 (4.360000000000000320e+00+0.000000000000000000e+00j)	 (-0.000000000000000000e+00-9.334156185203983103e-02j)	 (-0.000000000000000000e+00-5.363751608841519497e-02j)
 (4.379999999999999893e+00+0.000000000000000000e+00j)	 (-0.000000000000000000e+00-2.895468142561894997e-01j)	 (-0.000000000000000000e+00-2.278871029367225409e-01j)
 (4.400000000000000355e+00+0.000000000000000000e+00j)	 (-0.000000000000000000e+00-3.384388759150995796e-01j)	 (-0.000000000000000000e+00-2.692131220369365918e-01j)
 (4.419999999999999929e+00+0.000000000000000000e+00j)	 (-0.000000000000000000e+00-2.218400339715177749e-01j)	 (-0.000000000000000000e+00-1.627259070643224115e-01j)
 (4.440000000000000391e+00+0.000000000000000000e+00j)	 (-0.000000000000000000e+00-5.174583131387820722e-03j)	 (0.000000000000000000e+00+3.258491898397380959e-02j)
 (4.459999999999999964e+00+0.000000000000000000e+00j)	 (0.000000000000000000e+00+2.439031043451507230e-01j)	 (0.000000000000000000e+00+2.582927273422969683e-01j)
 (4.480000000000000426e+00+0.000000000000000000e+00j)	 (0.000000000000000000e+00+4.351619534674825984e-01j)	 (0.000000000000000000e+00+4.372479184719829104e-01j)
 (4.500000000000000000e+00+0.000000000000000000e+00j)	 (0.000000000000000000e+00+4.887277434944845012e-01j)	 (0.000000000000000000e+00+4.867831998462214815e-01j)
 (4.520000000000000462e+00+0.000000000000000000e+00j)	 (0.000000000000000000e+00+3.876463113701221763e-01j)	 (0.000000000000000000e+00+4.003742334314800422e-01j)
 (4.540000000000000036e+00+0.000000000000000000e+00j)	 (0.000000000000000000e+00+1.633119482109645915e-01j)	 (0.000000000000000000e+00+1.928690116645622732e-01j)
 (4.560000000000000497e+00+0.000000000000000000e+00j)	 (-0.000000000000000000e+00-8.676645353306762509e-02j)	 (-0.000000000000000000e+00-3.288491680665271699e-02j)
 (4.580000000000000071e+00+0.000000000000000000e+00j)	 (-0.000000000000000000e+00-2.677681219093920872e-01j)	 (-0.000000000000000000e+00-1.932390671723299980e-01j)
 (4.600000000000000533e+00+0.000000000000000000e+00j)	 (-0.000000000000000000e+00-3.077326186406912911e-01j)	 (-0.000000000000000000e+00-2.281123950790860389e-01j)
 (4.620000000000000107e+00+0.000000000000000000e+00j)	 (-0.000000000000000000e+00-2.016342077956770062e-01j)	 (-0.000000000000000000e+00-1.331155606987005635e-01j)
 (4.639999999999999680e+00+0.000000000000000000e+00j)	 (0.000000000000000000e+00+3.853127368168485917e-02j)	 (0.000000000000000000e+00+8.548316395247160249e-02j)
 (4.660000000000000142e+00+0.000000000000000000e+00j)	 (0.000000000000000000e+00+2.894456404302174213e-01j)	 (0.000000000000000000e+00+3.091032089472034450e-01j)
 (4.679999999999999716e+00+0.000000000000000000e+00j)	 (0.000000000000000000e+00+4.557919264196256814e-01j)	 (0.000000000000000000e+00+4.581607341366006336e-01j)
 (4.700000000000000178e+00+0.000000000000000000e+00j)	 (0.000000000000000000e+00+4.854982756057296678e-01j)	 (0.000000000000000000e+00+4.851447222151363814e-01j)
 (4.719999999999999751e+00+0.000000000000000000e+00j)	 (0.000000000000000000e+00+3.625329600048842749e-01j)	 (0.000000000000000000e+00+3.723970996024366098e-01j)
 (4.740000000000000213e+00+0.000000000000000000e+00j)	 (0.000000000000000000e+00+1.281161112669989000e-01j)	 (0.000000000000000000e+00+1.584156368408424498e-01j)
 (4.759999999999999787e+00+0.000000000000000000e+00j)	 (-0.000000000000000000e+00-1.280558673261086022e-01j)	 (-0.000000000000000000e+00-7.498750339805820841e-02j)
 (4.780000000000000249e+00+0.000000000000000000e+00j)	 (-0.000000000000000000e+00-3.124281417784990911e-01j)	 (-0.000000000000000000e+00-2.427781238316241430e-01j)
 (4.799999999999999822e+00+0.000000000000000000e+00j)	 (-0.000000000000000000e+00-3.205227593915828121e-01j)	 (-0.000000000000000000e+00-2.513323608524791197e-01j)
 (4.820000000000000284e+00+0.000000000000000000e+00j)	 (-0.000000000000000000e+00-2.037537857980914191e-01j)	 (-0.000000000000000000e+00-1.481751927968287808e-01j)
 (4.839999999999999858e+00+0.000000000000000000e+00j)	 (0.000000000000000000e+00+4.124525265923868755e-02j)	 (0.000000000000000000e+00+6.645360940853910214e-02j)
 (4.860000000000000320e+00+0.000000000000000000e+00j)	 (0.000000000000000000e+00+2.771282485578727695e-01j)	 (0.000000000000000000e+00+2.778353553390593422e-01j)
 (4.879999999999999893e+00+0.000000000000000000e+00j)	 (0.000000000000000000e+00+4.297644840409422518e-01j)	 (0.000000000000000000e+00+4.106372456098461576e-01j)
 (4.900000000000000355e+00+0.000000000000000000e+00j)	 (0.000000000000000000e+00+4.340082700941227389e-01j)	 (0.000000000000000000e+00+4.141032142037214259e-01j)
 (4.919999999999999929e+00+0.000000000000000000e+00j)	 (0.000000000000000000e+00+2.859772690683279883e-01j)	 (0.000000000000000000e+00+2.761484848098350042e-01j)
 (4.940000000000000391e+00+0.000000000000000000e+00j)	 (0.000000000000000000e+00+4.796016779874847508e-02j)	 (0.000000000000000000e+00+5.676364722452098555e-02j)
 (4.959999999999999964e+00+0.000000000000000000e+00j)	 (-0.000000000000000000e+00-2.048865799264592558e-01j)	 (-0.000000000000000000e+00-1.741627902839037734e-01j)
 (4.980000000000000426e+00+0.000000000000000000e+00j)	 (-0.000000000000000000e+00-3.729298175886625599e-01j)	 (-0.000000000000000000e+00-3.274982068974268690e-01j)
 (5.000000000000000000e+00+0.000000000000000000e+00j)	 (-0.000000000000000000e+00-3.845688002831359475e-01j)	 (-0.000000000000000000e+00-3.398442963730868294e-01j)
 (5.020000000000000462e+00+0.000000000000000000e+00j)	 (-0.000000000000000000e+00-2.456251008851331186e-01j)	 (-0.000000000000000000e+00-2.199571247280614483e-01j)
 (5.040000000000000036e+00+0.000000000000000000e+00j)	 (0.000000000000000000e+00+7.415968593875268619e-03j)	 (0.000000000000000000e+00+9.741340859450390438e-05j)
 (5.060000000000000497e+00+0.000000000000000000e+00j)	 (0.000000000000000000e+00+2.295092675305424046e-01j)	 (0.000000000000000000e+00+2.011542856049618466e-01j)
 (5.080000000000000071e+00+0.000000000000000000e+00j)	 (0.000000000000000000e+00+3.691224582757818840e-01j)	 (0.000000000000000000e+00+3.234433602111309036e-01j)
 (5.100000000000000533e+00+0.000000000000000000e+00j)	 (0.000000000000000000e+00+3.610813200884705476e-01j)	 (0.000000000000000000e+00+3.102049871820984350e-01j)
 (5.120000000000000107e+00+0.000000000000000000e+00j)	 (0.000000000000000000e+00+1.906661524172666988e-01j)	 (0.000000000000000000e+00+1.565128948859564606e-01j)
 (5.139999999999999680e+00+0.000000000000000000e+00j)	 (-0.000000000000000000e+00-6.162270029444012753e-02j)	 (-0.000000000000000000e+00-7.463346506827259197e-02j)
 (5.160000000000000142e+00+0.000000000000000000e+00j)	 (-0.000000000000000000e+00-2.991485587746557373e-01j)	 (-0.000000000000000000e+00-2.938099025766973127e-01j)
 (5.179999999999999716e+00+0.000000000000000000e+00j)	 (-0.000000000000000000e+00-4.437745345472809966e-01j)	 (-0.000000000000000000e+00-4.292081348548381081e-01j)
 (5.200000000000000178e+00+0.000000000000000000e+00j)	 (-0.000000000000000000e+00-4.368424494298888683e-01j)	 (-0.000000000000000000e+00-4.225588924499206200e-01j)
 (5.219999999999999751e+00+0.000000000000000000e+00j)	 (-0.000000000000000000e+00-2.759211111394543336e-01j)	 (-0.000000000000000000e+00-2.817900974233026878e-01j)
 (5.240000000000000213e+00+0.000000000000000000e+00j)	 (-0.000000000000000000e+00-3.011367260523491879e-02j)	 (-0.000000000000000000e+00-6.285271657417206004e-02j)
 (5.259999999999999787e+00+0.000000000000000000e+00j)	 (0.000000000000000000e+00+1.902673157302027795e-01j)	 (0.000000000000000000e+00+1.331684431493890819e-01j)
 (5.280000000000000249e+00+0.000000000000000000e+00j)	 (0.000000000000000000e+00+3.180793611093810092e-01j)	 (0.000000000000000000e+00+2.477575917203788669e-01j)
 (5.299999999999999822e+00+0.000000000000000000e+00j)	 (0.000000000000000000e+00+2.921699202684830965e-01j)	 (0.000000000000000000e+00+2.222724149481929146e-01j)
 (5.320000000000000284e+00+0.000000000000000000e+00j)	 (0.000000000000000000e+00+1.259744225113892946e-01j)	 (0.000000000000000000e+00+6.997156544141475143e-02j)
 (5.339999999999999858e+00+0.000000000000000000e+00j)	 (-0.000000000000000000e+00-1.314647133692434522e-01j)	 (-0.000000000000000000e+00-1.644512447115958897e-01j)
 (5.360000000000000320e+00+0.000000000000000000e+00j)	 (-0.000000000000000000e+00-3.713122493267655422e-01j)	 (-0.000000000000000000e+00-3.797268200228854362e-01j)
 (5.379999999999999893e+00+0.000000000000000000e+00j)	 (-0.000000000000000000e+00-4.882196699141100882e-01j)	 (-0.000000000000000000e+00-4.882903805922287344e-01j)
 (5.400000000000000355e+00+0.000000000000000000e+00j)	 (-0.000000000000000000e+00-4.653793632867020968e-01j)	 (-0.000000000000000000e+00-4.662986021022446081e-01j)
 (5.419999999999999929e+00+0.000000000000000000e+00j)	 (-0.000000000000000000e+00-2.794850542232583113e-01j)	 (-0.000000000000000000e+00-3.028902886805330263e-01j)
 (5.440000000000000391e+00+0.000000000000000000e+00j)	 (-0.000000000000000000e+00-3.624947173321879657e-02j)	 (-0.000000000000000000e+00-8.104468632138658868e-02j)
 (5.459999999999999964e+00+0.000000000000000000e+00j)	 (0.000000000000000000e+00+1.903459826962861645e-01j)	 (0.000000000000000000e+00+1.213677161915384800e-01j)
 (5.480000000000000426e+00+0.000000000000000000e+00j)	 (0.000000000000000000e+00+3.078500284599108294e-01j)	 (0.000000000000000000e+00+2.307753893105771170e-01j)
 (5.500000000000000000e+00+0.000000000000000000e+00j)	 (0.000000000000000000e+00+2.687710656345444482e-01j)	 (0.000000000000000000e+00+1.941359448803043342e-01j)
 (5.520000000000000462e+00+0.000000000000000000e+00j)	 (0.000000000000000000e+00+8.982025945535505873e-02j)	 (0.000000000000000000e+00+3.714080425695727439e-02j)
 (5.540000000000000036e+00+0.000000000000000000e+00j)	 (-0.000000000000000000e+00-1.734660373021781055e-01j)	 (-0.000000000000000000e+00-2.021745726183519221e-01j)
 (5.560000000000000497e+00+0.000000000000000000e+00j)	 (-0.000000000000000000e+00-3.803772511214530971e-01j)	 (-0.000000000000000000e+00-3.872008315599032580e-01j)
 (5.580000000000000071e+00+0.000000000000000000e+00j)	 (-0.000000000000000000e+00-4.835569588515450379e-01j)	 (-0.000000000000000000e+00-4.775465512114593913e-01j)
 (5.600000000000000533e+00+0.000000000000000000e+00j)	 (-0.000000000000000000e+00-4.322352813742385003e-01j)	 (-0.000000000000000000e+00-4.282401280605345195e-01j)
 (5.620000000000000107e+00+0.000000000000000000e+00j)	 (-0.000000000000000000e+00-2.371116090240926733e-01j)	 (-0.000000000000000000e+00-2.518547854118322049e-01j)
 (5.639999999999999680e+00+0.000000000000000000e+00j)	 (0.000000000000000000e+00+2.087318523363244915e-02j)	 (-0.000000000000000000e+00-1.621456543960196617e-02j)
 (5.660000000000000142e+00+0.000000000000000000e+00j)	 (0.000000000000000000e+00+2.495954903232548427e-01j)	 (0.000000000000000000e+00+1.893146372271016786e-01j)
 (5.679999999999999716e+00+0.000000000000000000e+00j)	 (0.000000000000000000e+00+3.472636450471998648e-01j)	 (0.000000000000000000e+00+2.827401512639274306e-01j)
 (5.700000000000000178e+00+0.000000000000000000e+00j)	 (0.000000000000000000e+00+2.894821389580168325e-01j)	 (0.000000000000000000e+00+2.339389012958135450e-01j)
 (5.719999999999999751e+00+0.000000000000000000e+00j)	 (0.000000000000000000e+00+9.945254852033459658e-02j)	 (0.000000000000000000e+00+6.430934149536318700e-02j)
 (5.740000000000000213e+00+0.000000000000000000e+00j)	 (-0.000000000000000000e+00-1.513732666322921971e-01j)	 (-0.000000000000000000e+00-1.609192081783105965e-01j)
 (5.759999999999999787e+00+0.000000000000000000e+00j)	 (-0.000000000000000000e+00-3.584683945652822890e-01j)	 (-0.000000000000000000e+00-3.404018163059659985e-01j)
 (5.780000000000000249e+00+0.000000000000000000e+00j)	 (-0.000000000000000000e+00-4.296584792982279799e-01j)	 (-0.000000000000000000e+00-4.058289807722413323e-01j)
 (5.799999999999999822e+00+0.000000000000000000e+00j)	 (-0.000000000000000000e+00-3.579376640180567115e-01j)	 (-0.000000000000000000e+00-3.345324295607819964e-01j)
 (5.820000000000000284e+00+0.000000000000000000e+00j)	 (-0.000000000000000000e+00-1.414280266634104777e-01j)	 (-0.000000000000000000e+00-1.376803607231217585e-01j)
 (5.839999999999999858e+00+0.000000000000000000e+00j)	 (0.000000000000000000e+00+1.127151676712039030e-01j)	 (0.000000000000000000e+00+9.581531560084541321e-02j)
 (5.860000000000000320e+00+0.000000000000000000e+00j)	 (0.000000000000000000e+00+3.286768865538672868e-01j)	 (0.000000000000000000e+00+2.957257105505741723e-01j)
 (5.879999999999999893e+00+0.000000000000000000e+00j)	 (0.000000000000000000e+00+4.146074998086832775e-01j)	 (0.000000000000000000e+00+3.772015510839148988e-01j)
 (5.900000000000000355e+00+0.000000000000000000e+00j)	 (0.000000000000000000e+00+3.399262462511943861e-01j)	 (0.000000000000000000e+00+3.119955283943257607e-01j)
 (5.919999999999999929e+00+0.000000000000000000e+00j)	 (0.000000000000000000e+00+1.286325901807804095e-01j)	 (0.000000000000000000e+00+1.289154328932550497e-01j)
 (5.940000000000000391e+00+0.000000000000000000e+00j)	 (-0.000000000000000000e+00-1.075110658896334531e-01j)	 (-0.000000000000000000e+00-8.339872465117217915e-02j)
 (5.959999999999999964e+00+0.000000000000000000e+00j)	 (-0.000000000000000000e+00-3.059359882078931392e-01j)	 (-0.000000000000000000e+00-2.572870416622586864e-01j)
 (5.980000000000000426e+00+0.000000000000000000e+00j)	 (-0.000000000000000000e+00-3.668260729408389098e-01j)	 (-0.000000000000000000e+00-3.104696624802710803e-01j)
 (6.000000000000000000e+00+0.000000000000000000e+00j)	 (-0.000000000000000000e+00-2.654055841571824614e-01j)	 (-0.000000000000000000e+00-2.138574998086831547e-01j)
 (6.020000000000000462e+00+0.000000000000000000e+00j)	 (-0.000000000000000000e+00-5.403008281071369767e-02j)	 (-0.000000000000000000e+00-2.415482130558206653e-02j)
 (6.040000000000000036e+00+0.000000000000000000e+00j)	 (0.000000000000000000e+00+2.101612085627569959e-01j)	 (0.000000000000000000e+00+2.171262103574445046e-01j)
 (6.060000000000000497e+00+0.000000000000000000e+00j)	 (0.000000000000000000e+00+4.115520382004282385e-01j)	 (0.000000000000000000e+00+4.024303607231217716e-01j)
 (6.080000000000000071e+00+0.000000000000000000e+00j)	 (0.000000000000000000e+00+4.748056961930741671e-01j)	 (0.000000000000000000e+00+4.633505663378520989e-01j)
 (6.100000000000000533e+00+0.000000000000000000e+00j)	 (0.000000000000000000e+00+3.730632467631853078e-01j)	 (0.000000000000000000e+00+3.757148971926348446e-01j)
 (6.120000000000000107e+00+0.000000000000000000e+00j)	 (0.000000000000000000e+00+1.601470816555616572e-01j)	 (0.000000000000000000e+00+1.848604636580314931e-01j)
 (6.140000000000000568e+00+0.000000000000000000e+00j)	 (-0.000000000000000000e+00-8.156814729010603005e-02j)	 (-0.000000000000000000e+00-2.934831149947950135e-02j)
 (6.160000000000000142e+00+0.000000000000000000e+00j)	 (-0.000000000000000000e+00-2.739360367920000150e-01j)	 (-0.000000000000000000e+00-2.020586324843874904e-01j)
 (6.179999999999999716e+00+0.000000000000000000e+00j)	 (-0.000000000000000000e+00-3.249671857474362158e-01j)	 (-0.000000000000000000e+00-2.443923680312291569e-01j)
 (6.200000000000000178e+00+0.000000000000000000e+00j)	 (-0.000000000000000000e+00-2.086857536230739552e-01j)	 (-0.000000000000000000e+00-1.413338327150552853e-01j)
 (6.219999999999999751e+00+0.000000000000000000e+00j)	 (0.000000000000000000e+00+2.323690860029523769e-02j)	 (0.000000000000000000e+00+6.555724945431010142e-02j)
 (6.240000000000000213e+00+0.000000000000000000e+00j)	 (0.000000000000000000e+00+2.701727436220289214e-01j)	 (0.000000000000000000e+00+2.924466072294051866e-01j)
 (6.259999999999999787e+00+0.000000000000000000e+00j)	 (0.000000000000000000e+00+4.463836742723779616e-01j)	 (0.000000000000000000e+00+4.518637518265736785e-01j)
 (6.280000000000000249e+00+0.000000000000000000e+00j)	 (0.000000000000000000e+00+4.929805826175840955e-01j)	 (0.000000000000000000e+00+4.937937554159486098e-01j)
 (6.299999999999999822e+00+0.000000000000000000e+00j)	 (0.000000000000000000e+00+3.783723737979252100e-01j)	 (0.000000000000000000e+00+3.928327074731901014e-01j)
 (6.320000000000000284e+00+0.000000000000000000e+00j)	 (0.000000000000000000e+00+1.503739756432679042e-01j)	 (0.000000000000000000e+00+1.860121574150699064e-01j)
 (6.339999999999999858e+00+0.000000000000000000e+00j)	 (-0.000000000000000000e+00-1.040090942201869206e-01j)	 (-0.000000000000000000e+00-4.648595757066129042e-02j)
 (6.360000000000000320e+00+0.000000000000000000e+00j)	 (-0.000000000000000000e+00-2.766208870676710174e-01j)	 (-0.000000000000000000e+00-2.029403604680327655e-01j)
 (6.379999999999999893e+00+0.000000000000000000e+00j)	 (-0.000000000000000000e+00-3.147996713261640434e-01j)	 (-0.000000000000000000e+00-2.386442709923728700e-01j)
 (6.400000000000000355e+00+0.000000000000000000e+00j)	 (-0.000000000000000000e+00-1.845200375608928023e-01j)	 (-0.000000000000000000e+00-1.227542602242478742e-01j)
 (6.419999999999999929e+00+0.000000000000000000e+00j)	 (0.000000000000000000e+00+3.877247314345987073e-02j)	 (0.000000000000000000e+00+7.911291501015241256e-02j)
 (6.440000000000000391e+00+0.000000000000000000e+00j)	 (0.000000000000000000e+00+2.801857991279838589e-01j)	 (0.000000000000000000e+00+2.902267154208328370e-01j)
 (6.459999999999999964e+00+0.000000000000000000e+00j)	 (0.000000000000000000e+00+4.502650324319193431e-01j)	 (0.000000000000000000e+00+4.415676190233248088e-01j)
 (6.480000000000000426e+00+0.000000000000000000e+00j)	 (0.000000000000000000e+00+4.644783098323365667e-01j)	 (0.000000000000000000e+00+4.529524692989958523e-01j)
 (6.500000000000000000e+00+0.000000000000000000e+00j)	 (0.000000000000000000e+00+3.230000739648207775e-01j)	 (0.000000000000000000e+00+3.253335263427363788e-01j)
 (6.520000000000000462e+00+0.000000000000000000e+00j)	 (0.000000000000000000e+00+8.666624650628337867e-02j)	 (0.000000000000000000e+00+1.084804907058883744e-01j)
 (6.540000000000000036e+00+0.000000000000000000e+00j)	 (-0.000000000000000000e+00-1.679961866438735296e-01j)	 (-0.000000000000000000e+00-1.238020128197143133e-01j)
 (6.560000000000000497e+00+0.000000000000000000e+00j)	 (-0.000000000000000000e+00-3.348434087952376070e-01j)	 (-0.000000000000000000e+00-2.767545867207627519e-01j)
 (6.580000000000000071e+00+0.000000000000000000e+00j)	 (-0.000000000000000000e+00-3.540455642880755982e-01j)	 (-0.000000000000000000e+00-2.988558800164655693e-01j)
 (6.600000000000000533e+00+0.000000000000000000e+00j)	 (-0.000000000000000000e+00-2.122859269334294308e-01j)	 (-0.000000000000000000e+00-1.750921102430170462e-01j)
 (6.620000000000000107e+00+0.000000000000000000e+00j)	 (0.000000000000000000e+00+1.442808268135633079e-02j)	 (0.000000000000000000e+00+2.775704550672275506e-02j)
 (6.640000000000000568e+00+0.000000000000000000e+00j)	 (0.000000000000000000e+00+2.604639483403219380e-01j)	 (0.000000000000000000e+00+2.483370670429726201e-01j)
 (6.660000000000000142e+00+0.000000000000000000e+00j)	 (0.000000000000000000e+00+4.005283584164433530e-01j)	 (0.000000000000000000e+00+3.665165222413704349e-01j)
 (6.679999999999999716e+00+0.000000000000000000e+00j)	 (0.000000000000000000e+00+3.982870416622587006e-01j)	 (0.000000000000000000e+00+3.614467783624396024e-01j)
 (6.700000000000000178e+00+0.000000000000000000e+00j)	 (0.000000000000000000e+00+2.360278660434120546e-01j)	 (0.000000000000000000e+00+2.145671752344003314e-01j)
 (6.719999999999999751e+00+0.000000000000000000e+00j)	 (-0.000000000000000000e+00-9.765149724329000303e-03j)	 (-0.000000000000000000e+00-1.340674964743971548e-02j)
 (6.740000000000000213e+00+0.000000000000000000e+00j)	 (-0.000000000000000000e+00-2.646728101530106958e-01j)	 (-0.000000000000000000e+00-2.469951406233470148e-01j)
 (6.759999999999999787e+00+0.000000000000000000e+00j)	 (-0.000000000000000000e+00-4.125841412646952810e-01j)	 (-0.000000000000000000e+00-3.793147672098682310e-01j)
 (6.780000000000000249e+00+0.000000000000000000e+00j)	 (-0.000000000000000000e+00-4.075449493661166822e-01j)	 (-0.000000000000000000e+00-3.824780139730535877e-01j)
 (6.799999999999999822e+00+0.000000000000000000e+00j)	 (-0.000000000000000000e+00-2.575079256507328274e-01j)	 (-0.000000000000000000e+00-2.529470869120795662e-01j)
 (6.820000000000000284e+00+0.000000000000000000e+00j)	 (-0.000000000000000000e+00-2.198454915987001212e-02j)	 (-0.000000000000000000e+00-4.005112741918629565e-02j)
 (6.839999999999999858e+00+0.000000000000000000e+00j)	 (0.000000000000000000e+00+2.141709864132056440e-01j)	 (0.000000000000000000e+00+1.689515077563259471e-01j)
 (6.860000000000000320e+00+0.000000000000000000e+00j)	 (0.000000000000000000e+00+3.414392763764353411e-01j)	 (0.000000000000000000e+00+2.786128388680105816e-01j)
 (6.879999999999999893e+00+0.000000000000000000e+00j)	 (0.000000000000000000e+00+3.149824221269428848e-01j)	 (0.000000000000000000e+00+2.554440311510355888e-01j)
 (6.900000000000000355e+00+0.000000000000000000e+00j)	 (0.000000000000000000e+00+1.493370289719017641e-01j)	 (0.000000000000000000e+00+9.637473106102935339e-02j)
 (6.919999999999999929e+00+0.000000000000000000e+00j)	 (-0.000000000000000000e+00-9.523710511404359647e-02j)	 (-0.000000000000000000e+00-1.206575938976999773e-01j)
 (6.940000000000000391e+00+0.000000000000000000e+00j)	 (-0.000000000000000000e+00-3.449541324188023506e-01j)	 (-0.000000000000000000e+00-3.472875847967179519e-01j)
 (6.959999999999999964e+00+0.000000000000000000e+00j)	 (-0.000000000000000000e+00-4.755203102167829821e-01j)	 (-0.000000000000000000e+00-4.687674404564514674e-01j)
 (6.980000000000000426e+00+0.000000000000000000e+00j)	 (-0.000000000000000000e+00-4.556469823100269267e-01j)	 (-0.000000000000000000e+00-4.539852813742385473e-01j)
 (7.000000000000000000e+00+0.000000000000000000e+00j)	 (-0.000000000000000000e+00-2.850574459680584871e-01j)	 (-0.000000000000000000e+00-3.008966378666371178e-01j)
 (7.020000000000000462e+00+0.000000000000000000e+00j)	 (-0.000000000000000000e+00-2.901178233444815652e-02j)	 (-0.000000000000000000e+00-7.430197166944652043e-02j)
 (7.040000000000000036e+00+0.000000000000000000e+00j)	 (0.000000000000000000e+00+1.918809809015986356e-01j)	 (0.000000000000000000e+00+1.239633745686307548e-01j)
 (7.060000000000000497e+00+0.000000000000000000e+00j)	 (0.000000000000000000e+00+3.108834808378264647e-01j)	 (0.000000000000000000e+00+2.312632572762212402e-01j)
 (7.080000000000000071e+00+0.000000000000000000e+00j)	 (0.000000000000000000e+00+2.778697723388416918e-01j)	 (0.000000000000000000e+00+2.007244225113893887e-01j)
 (7.100000000000000533e+00+0.000000000000000000e+00j)	 (0.000000000000000000e+00+9.510467863245850029e-02j)	 (0.000000000000000000e+00+3.563699833466985045e-02j)
 (7.120000000000000107e+00+0.000000000000000000e+00j)	 (-0.000000000000000000e+00-1.637166163303871991e-01j)	 (-0.000000000000000000e+00-1.952889341103665466e-01j)
 (7.140000000000000568e+00+0.000000000000000000e+00j)	 (-0.000000000000000000e+00-3.783131854887215040e-01j)	 (-0.000000000000000000e+00-3.904400667860707941e-01j)
 (7.160000000000000142e+00+0.000000000000000000e+00j)	 (-0.000000000000000000e+00-4.947353553390593794e-01j)	 (-0.000000000000000000e+00-4.926140349954997166e-01j)
 (7.179999999999999716e+00+0.000000000000000000e+00j)	 (-0.000000000000000000e+00-4.452562139468195235e-01j)	 (-0.000000000000000000e+00-4.473068236122604846e-01j)
 (7.200000000000000178e+00+0.000000000000000000e+00j)	 (-0.000000000000000000e+00-2.547815008326650976e-01j)	 (-0.000000000000000000e+00-2.729895004482186804e-01j)
 (7.219999999999999751e+00+0.000000000000000000e+00j)	 (-0.000000000000000000e+00-7.737518265736223477e-03j)	 (-0.000000000000000000e+00-5.366410370380247929e-02j)
 (7.240000000000000213e+00+0.000000000000000000e+00j)	 (0.000000000000000000e+00+2.216935440345221831e-01j)	 (0.000000000000000000e+00+1.559679687232325973e-01j)
 (7.259999999999999787e+00+0.000000000000000000e+00j)	 (0.000000000000000000e+00+3.225420288443572314e-01j)	 (0.000000000000000000e+00+2.527859448803043141e-01j)
 (7.280000000000000249e+00+0.000000000000000000e+00j)	 (0.000000000000000000e+00+2.761702467649981285e-01j)	 (0.000000000000000000e+00+2.064848734790638574e-01j)
 (7.299999999999999822e+00+0.000000000000000000e+00j)	 (0.000000000000000000e+00+8.852098641320566008e-02j)	 (0.000000000000000000e+00+4.064985732687640546e-02j)
 (7.320000000000000284e+00+0.000000000000000000e+00j)	 (-0.000000000000000000e+00-1.556529997430981527e-01j)	 (-0.000000000000000000e+00-1.746388168179569544e-01j)
 (7.339999999999999858e+00+0.000000000000000000e+00j)	 (-0.000000000000000000e+00-3.738628463018496273e-01j)	 (-0.000000000000000000e+00-3.678524386617639808e-01j)
 (7.360000000000000320e+00+0.000000000000000000e+00j)	 (-0.000000000000000000e+00-4.565581348548380936e-01j)	 (-0.000000000000000000e+00-4.442191215231328649e-01j)
 (7.379999999999999893e+00+0.000000000000000000e+00j)	 (-0.000000000000000000e+00-3.836914826307010751e-01j)	 (-0.000000000000000000e+00-3.738980537112673863e-01j)
 (7.400000000000000355e+00+0.000000000000000000e+00j)	 (-0.000000000000000000e+00-1.873401713881234221e-01j)	 (-0.000000000000000000e+00-1.932798683500904224e-01j)
 (7.419999999999999929e+00+0.000000000000000000e+00j)	 (0.000000000000000000e+00+6.445094141847390601e-02j)	 (0.000000000000000000e+00+3.669700025690190992e-02j)
 (7.440000000000000391e+00+0.000000000000000000e+00j)	 (0.000000000000000000e+00+2.896168233571714268e-01j)	 (0.000000000000000000e+00+2.431245524941559599e-01j)
 (7.459999999999999964e+00+0.000000000000000000e+00j)	 (0.000000000000000000e+00+3.740363453416399864e-01j)	 (0.000000000000000000e+00+3.246095813367003147e-01j)
 (7.480000000000000426e+00+0.000000000000000000e+00j)	 (0.000000000000000000e+00+3.159895849260752621e-01j)	 (0.000000000000000000e+00+2.739874421235943269e-01j)
 (7.500000000000000000e+00+0.000000000000000000e+00j)	 (0.000000000000000000e+00+1.148383170110865020e-01j)	 (0.000000000000000000e+00+9.804453095790600925e-02j)
 (7.520000000000000462e+00+0.000000000000000000e+00j)	 (-0.000000000000000000e+00-1.277542982953188133e-01j)	 (-0.000000000000000000e+00-1.153799296245542200e-01j)
 (7.540000000000000036e+00+0.000000000000000000e+00j)	 (-0.000000000000000000e+00-3.301313021415956950e-01j)	 (-0.000000000000000000e+00-2.989832484303282523e-01j)
 (7.560000000000000497e+00+0.000000000000000000e+00j)	 (-0.000000000000000000e+00-3.938200935788386814e-01j)	 (-0.000000000000000000e+00-3.528432556090782546e-01j)
 (7.580000000000000071e+00+0.000000000000000000e+00j)	 (-0.000000000000000000e+00-3.176821210111419602e-01j)	 (-0.000000000000000000e+00-2.795337101661277135e-01j)
 (7.600000000000000533e+00+0.000000000000000000e+00j)	 (-0.000000000000000000e+00-1.011086272278694798e-01j)	 (-0.000000000000000000e+00-7.922367235014582398e-02j)
 (7.620000000000000107e+00+0.000000000000000000e+00j)	 (0.000000000000000000e+00+1.701340620433565987e-01j)	 (0.000000000000000000e+00+1.680480970388562867e-01j)
 (7.640000000000000568e+00+0.000000000000000000e+00j)	 (0.000000000000000000e+00+3.774188256638498218e-01j)	 (0.000000000000000000e+00+3.596350901170081715e-01j)
 (7.660000000000000142e+00+0.000000000000000000e+00j)	 (0.000000000000000000e+00+4.512414699403441420e-01j)	 (0.000000000000000000e+00+4.288261849767305844e-01j)
 (7.679999999999999716e+00+0.000000000000000000e+00j)	 (0.000000000000000000e+00+3.564873195746668388e-01j)	 (0.000000000000000000e+00+3.473302867583010212e-01j)
 (7.700000000000000178e+00+0.000000000000000000e+00j)	 (0.000000000000000000e+00+1.647596320981282725e-01j)	 (0.000000000000000000e+00+1.741287969488500287e-01j)
 (7.719999999999999751e+00+0.000000000000000000e+00j)	 (-0.000000000000000000e+00-8.828143738088022052e-02j)	 (-0.000000000000000000e+00-4.596109652686535679e-02j)
 (7.740000000000000213e+00+0.000000000000000000e+00j)	 (-0.000000000000000000e+00-2.839821695952487457e-01j)	 (-0.000000000000000000e+00-2.216153514945952696e-01j)
 (7.759999999999999787e+00+0.000000000000000000e+00j)	 (-0.000000000000000000e+00-3.385515436500758368e-01j)	 (-0.000000000000000000e+00-2.693257897719128491e-01j)
 (7.780000000000000249e+00+0.000000000000000000e+00j)	 (-0.000000000000000000e+00-2.358258510463766278e-01j)	 (-0.000000000000000000e+00-1.692871029367225000e-01j)
 (7.799999999999999822e+00+0.000000000000000000e+00j)	 (-0.000000000000000000e+00-1.278829163037254607e-02j)	 (0.000000000000000000e+00+3.023915600482886962e-02j)
 (7.820000000000000284e+00+0.000000000000000000e+00j)	 (0.000000000000000000e+00+2.519696519672351420e-01j)	 (0.000000000000000000e+00+2.699655195484327863e-01j)
 (7.839999999999999858e+00+0.000000000000000000e+00j)	 (0.000000000000000000e+00+4.440033748237199318e-01j)	 (0.000000000000000000e+00+4.422002525316942600e-01j)
 (7.860000000000000320e+00+0.000000000000000000e+00j)	 (0.000000000000000000e+00+4.887589357775095067e-01j)	 (0.000000000000000000e+00+4.866729707730091947e-01j)
 (7.879999999999999893e+00+0.000000000000000000e+00j)	 (0.000000000000000000e+00+3.822687464425111314e-01j)	 (0.000000000000000000e+00+3.924864394306567528e-01j)
 (7.900000000000000355e+00+0.000000000000000000e+00j)	 (0.000000000000000000e+00+1.527833425193450556e-01j)	 (0.000000000000000000e+00+1.811383244449255858e-01j)
 (7.919999999999999929e+00+0.000000000000000000e+00j)	 (-0.000000000000000000e+00-9.356411947335635526e-02j)	 (-0.000000000000000000e+00-3.798552647209371691e-02j)
 (7.940000000000000391e+00+0.000000000000000000e+00j)	 (-0.000000000000000000e+00-2.734940364075536534e-01j)	 (-0.000000000000000000e+00-1.970911487003471629e-01j)
 (7.959999999999999964e+00+0.000000000000000000e+00j)	 (-0.000000000000000000e+00-3.059623390611401206e-01j)	 (-0.000000000000000000e+00-2.273320649931960813e-01j)
 (7.980000000000000426e+00+0.000000000000000000e+00j)	 (-0.000000000000000000e+00-1.906897381122347745e-01j)	 (-0.000000000000000000e+00-1.237267259338687142e-01j)
 (8.000000000000000000e+00+0.000000000000000000e+00j)	 (0.000000000000000000e+00+2.797165427391361953e-02j)	 (0.000000000000000000e+00+7.315577759173400030e-02j)
 (8.019999999999999574e+00+0.000000000000000000e+00j)	 (0.000000000000000000e+00+2.856799550052681602e-01j)	 (0.000000000000000000e+00+3.036404672474064537e-01j)
 (8.040000000000000924e+00+0.000000000000000000e+00j)	 (0.000000000000000000e+00+4.570268506601173897e-01j)	 (0.000000000000000000e+00+4.589360389693210585e-01j)
 (8.060000000000000497e+00+0.000000000000000000e+00j)	 (0.000000000000000000e+00+4.817436814511278365e-01j)	 (0.000000000000000000e+00+4.799405591591021647e-01j)
 (8.080000000000000071e+00+0.000000000000000000e+00j)	 (0.000000000000000000e+00+3.581017677218591988e-01j)	 (0.000000000000000000e+00+3.660213636711485696e-01j)
 (8.099999999999999645e+00+0.000000000000000000e+00j)	 (0.000000000000000000e+00+1.186025073700667648e-01j)	 (0.000000000000000000e+00+1.491848756563849410e-01j)
 (8.120000000000000995e+00+0.000000000000000000e+00j)	 (-0.000000000000000000e+00-1.232674636598442841e-01j)	 (-0.000000000000000000e+00-7.224970939723487917e-02j)
 (8.140000000000000568e+00+0.000000000000000000e+00j)	 (-0.000000000000000000e+00-3.037048138717430290e-01j)	 (-0.000000000000000000e+00-2.387924113588179575e-01j)
 (8.160000000000000142e+00+0.000000000000000000e+00j)	 (-0.000000000000000000e+00-3.273295090390225814e-01j)	 (-0.000000000000000000e+00-2.616392890667922910e-01j)
 (8.179999999999999716e+00+0.000000000000000000e+00j)	 (-0.000000000000000000e+00-2.027189355224204848e-01j)	 (-0.000000000000000000e+00-1.535750142299554533e-01j)
 (8.199999999999999289e+00+0.000000000000000000e+00j)	 (0.000000000000000000e+00+2.593251095944171247e-02j)	 (0.000000000000000000e+00+5.244901525393724784e-02j)
 (8.220000000000000639e+00+0.000000000000000000e+00j)	 (0.000000000000000000e+00+2.737683766184073608e-01j)	 (0.000000000000000000e+00+2.724602290732122678e-01j)
 (8.240000000000000213e+00+0.000000000000000000e+00j)	 (0.000000000000000000e+00+4.249667441358327413e-01j)	 (0.000000000000000000e+00+4.072183639280503864e-01j)
 (8.259999999999999787e+00+0.000000000000000000e+00j)	 (0.000000000000000000e+00+4.317766467125300212e-01j)	 (0.000000000000000000e+00+4.110230626847048430e-01j)
 (8.279999999999999361e+00+0.000000000000000000e+00j)	 (0.000000000000000000e+00+2.817138437382692429e-01j)	 (0.000000000000000000e+00+2.679252615051315733e-01j)
 (8.300000000000000711e+00+0.000000000000000000e+00j)	 (0.000000000000000000e+00+2.483511549772212182e-02j)	 (0.000000000000000000e+00+3.766910357625796735e-02j)
 (8.320000000000000284e+00+0.000000000000000000e+00j)	 (-0.000000000000000000e+00-2.151792945783992939e-01j)	 (-0.000000000000000000e+00-1.853040330732676488e-01j)
 (8.339999999999999858e+00+0.000000000000000000e+00j)	 (-0.000000000000000000e+00-3.746782411240337507e-01j)	 (-0.000000000000000000e+00-3.317568595060103043e-01j)
 (8.359999999999999432e+00+0.000000000000000000e+00j)	 (-0.000000000000000000e+00-3.841011072949902516e-01j)	 (-0.000000000000000000e+00-3.458466304327980634e-01j)
 (8.380000000000000782e+00+0.000000000000000000e+00j)	 (-0.000000000000000000e+00-2.334126117170303716e-01j)	 (-0.000000000000000000e+00-2.113155248049507495e-01j)
 (8.400000000000000355e+00+0.000000000000000000e+00j)	 (-0.000000000000000000e+00-2.533852839251294828e-03j)	 (-0.000000000000000000e+00-8.402839123099640345e-03j)
 (8.419999999999999929e+00+0.000000000000000000e+00j)	 (0.000000000000000000e+00+2.332518342528409061e-01j)	 (0.000000000000000000e+00+2.011491863869716568e-01j)
 (8.439999999999999503e+00+0.000000000000000000e+00j)	 (0.000000000000000000e+00+3.623962912459262053e-01j)	 (0.000000000000000000e+00+3.169646805546905144e-01j)
 (8.460000000000000853e+00+0.000000000000000000e+00j)	 (0.000000000000000000e+00+3.549099997449108868e-01j)	 (0.000000000000000000e+00+3.062610531992764340e-01j)
 (8.480000000000000426e+00+0.000000000000000000e+00j)	 (0.000000000000000000e+00+1.894591502381327286e-01j)	 (0.000000000000000000e+00+1.509218306634659001e-01j)
 (8.500000000000000000e+00+0.000000000000000000e+00j)	 (-0.000000000000000000e+00-6.517962850875325120e-02j)	 (-0.000000000000000000e+00-8.345833880242550795e-02j)
 (8.519999999999999574e+00+0.000000000000000000e+00j)	 (-0.000000000000000000e+00-3.018551298552221152e-01j)	 (-0.000000000000000000e+00-2.973650017946875002e-01j)
 (8.540000000000000924e+00+0.000000000000000000e+00j)	 (-0.000000000000000000e+00-4.477095327525935087e-01j)	 (-0.000000000000000000e+00-4.321531835664894627e-01j)
 (8.560000000000000497e+00+0.000000000000000000e+00j)	 (-0.000000000000000000e+00-4.353824728883707862e-01j)	 (-0.000000000000000000e+00-4.232909469300808469e-01j)
 (8.580000000000000071e+00+0.000000000000000000e+00j)	 (-0.000000000000000000e+00-2.755757792588768851e-01j)	 (-0.000000000000000000e+00-2.826468470707423908e-01j)
 (8.599999999999999645e+00+0.000000000000000000e+00j)	 (-0.000000000000000000e+00-3.487666683672605017e-02j)	 (-0.000000000000000000e+00-6.754500012754453830e-02j)
 (8.620000000000000995e+00+0.000000000000000000e+00j)	 (0.000000000000000000e+00+2.025356183837893898e-01j)	 (0.000000000000000000e+00+1.427143846954074813e-01j)
 (8.640000000000000568e+00+0.000000000000000000e+00j)	 (0.000000000000000000e+00+3.195050230758483822e-01j)	 (0.000000000000000000e+00+2.481933041931850825e-01j)
 (8.660000000000000142e+00+0.000000000000000000e+00j)	 (0.000000000000000000e+00+2.969882968868905460e-01j)	 (0.000000000000000000e+00+2.252169585964559906e-01j)
 (8.679999999999999716e+00+0.000000000000000000e+00j)	 (0.000000000000000000e+00+1.158275448034150057e-01j)	 (0.000000000000000000e+00+5.685483925245694847e-02j)
 (8.700000000000001066e+00+0.000000000000000000e+00j)	 (-0.000000000000000000e+00-1.395971249831504946e-01j)	 (-0.000000000000000000e+00-1.686945690289769206e-01j)
 (8.720000000000000639e+00+0.000000000000000000e+00j)	 (-0.000000000000000000e+00-3.665098106650016008e-01j)	 (-0.000000000000000000e+00-3.753840007688927782e-01j)
 (8.740000000000000213e+00+0.000000000000000000e+00j)	 (-0.000000000000000000e+00-4.877215728752538060e-01j)	 (-0.000000000000000000e+00-4.874387301627791658e-01j)
 (8.759999999999999787e+00+0.000000000000000000e+00j)	 (-0.000000000000000000e+00-4.595674837840403315e-01j)	 (-0.000000000000000000e+00-4.633505050633883737e-01j)
 (8.779999999999999361e+00+0.000000000000000000e+00j)	 (-0.000000000000000000e+00-2.815724910903348310e-01j)	 (-0.000000000000000000e+00-3.025382071525159478e-01j)
 (8.800000000000000711e+00+0.000000000000000000e+00j)	 (-0.000000000000000000e+00-1.979556120887873000e-02j)	 (-0.000000000000000000e+00-6.695958351402145348e-02j)
 (8.820000000000000284e+00+0.000000000000000000e+00j)	 (0.000000000000000000e+00+2.012769224476170238e-01j)	 (0.000000000000000000e+00+1.329350520459371965e-01j)
 (8.839999999999999858e+00+0.000000000000000000e+00j)	 (0.000000000000000000e+00+3.128855623658435281e-01j)	 (0.000000000000000000e+00+2.325582320230517031e-01j)
 (8.859999999999999432e+00+0.000000000000000000e+00j)	 (0.000000000000000000e+00+2.731231471625615304e-01j)	 (0.000000000000000000e+00+1.980637623396095393e-01j)
 (8.880000000000000782e+00+0.000000000000000000e+00j)	 (0.000000000000000000e+00+8.523992936946520049e-02j)	 (0.000000000000000000e+00+2.771679271993957028e-02j)
 (8.900000000000000355e+00+0.000000000000000000e+00j)	 (-0.000000000000000000e+00-1.656836256882710801e-01j)	 (-0.000000000000000000e+00-1.957356638886993405e-01j)
 (8.919999999999999929e+00+0.000000000000000000e+00j)	 (-0.000000000000000000e+00-3.806880898601062713e-01j)	 (-0.000000000000000000e+00-3.879005790282090693e-01j)
 (8.939999999999999503e+00+0.000000000000000000e+00j)	 (-0.000000000000000000e+00-4.881158946290545808e-01j)	 (-0.000000000000000000e+00-4.812216035124857183e-01j)
 (8.960000000000000853e+00+0.000000000000000000e+00j)	 (-0.000000000000000000e+00-4.204568542494923622e-01j)	 (-0.000000000000000000e+00-4.205982756057296545e-01j)
 (8.980000000000000426e+00+0.000000000000000000e+00j)	 (-0.000000000000000000e+00-2.267923702085501703e-01j)	 (-0.000000000000000000e+00-2.430204708367814381e-01j)
 (9.000000000000000000e+00+0.000000000000000000e+00j)	 (0.000000000000000000e+00+2.465915023813278900e-02j)	 (-0.000000000000000000e+00-1.295893052099154202e-02j)
 (9.019999999999999574e+00+0.000000000000000000e+00j)	 (0.000000000000000000e+00+2.544226981171190949e-01j)	 (0.000000000000000000e+00+1.969702721457121108e-01j)
 (9.040000000000000924e+00+0.000000000000000000e+00j)	 (0.000000000000000000e+00+3.480505462136561090e-01j)	 (0.000000000000000000e+00+2.825724582757818126e-01j)
 (9.060000000000000497e+00+0.000000000000000000e+00j)	 (0.000000000000000000e+00+2.992788380991177610e-01j)	 (0.000000000000000000e+00+2.422860315354820326e-01j)
 (9.080000000000000071e+00+0.000000000000000000e+00j)	 (0.000000000000000000e+00+9.749135264793451494e-02j)	 (0.000000000000000000e+00+6.542406012112458868e-02j)
 (9.099999999999999645e+00+0.000000000000000000e+00j)	 (-0.000000000000000000e+00-1.580239808997858930e-01j)	 (-0.000000000000000000e+00-1.640343885398715396e-01j)
 (9.120000000000000995e+00+0.000000000000000000e+00j)	 (-0.000000000000000000e+00-3.592901460074096054e-01j)	 (-0.000000000000000000e+00-3.382537192671097870e-01j)
 (9.140000000000000568e+00+0.000000000000000000e+00j)	 (-0.000000000000000000e+00-4.343110965268653922e-01j)	 (-0.000000000000000000e+00-4.036226622233692329e-01j)
 (9.160000000000000142e+00+0.000000000000000000e+00j)	 (-0.000000000000000000e+00-3.541905337783882168e-01j)	 (-0.000000000000000000e+00-3.276386741448333861e-01j)
 (9.179999999999999716e+00+0.000000000000000000e+00j)	 (-0.000000000000000000e+00-1.291209198822239612e-01j)	 (-0.000000000000000000e+00-1.228983802077823345e-01j)
 (9.200000000000001066e+00+0.000000000000000000e+00j)	 (0.000000000000000000e+00+1.198526785031011621e-01j)	 (0.000000000000000000e+00+1.074429544932772596e-01j)
 (9.220000000000000639e+00+0.000000000000000000e+00j)	 (0.000000000000000000e+00+3.318976711968066318e-01j)	 (0.000000000000000000e+00+3.009971048589545339e-01j)
 (9.240000000000000213e+00+0.000000000000000000e+00j)	 (0.000000000000000000e+00+4.202757718250378915e-01j)	 (0.000000000000000000e+00+3.849911434438291757e-01j)
 (9.259999999999999787e+00+0.000000000000000000e+00j)	 (0.000000000000000000e+00+3.445062192033374604e-01j)	 (0.000000000000000000e+00+3.188735983853251410e-01j)
 (9.279999999999999361e+00+0.000000000000000000e+00j)	 (0.000000000000000000e+00+1.334648232278140556e-01j)	 (0.000000000000000000e+00+1.314142135623730667e-01j)
 (9.300000000000000711e+00+0.000000000000000000e+00j)	 (-0.000000000000000000e+00-1.124356870920922152e-01j)	 (-0.000000000000000000e+00-8.464639059146089606e-02j)
 (9.320000000000000284e+00+0.000000000000000000e+00j)	 (-0.000000000000000000e+00-3.049878172042160829e-01j)	 (-0.000000000000000000e+00-2.532629561604201607e-01j)
 (9.339999999999999858e+00+0.000000000000000000e+00j)	 (-0.000000000000000000e+00-3.664850087183484373e-01j)	 (-0.000000000000000000e+00-3.070173284205597874e-01j)
 (9.359999999999999432e+00+0.000000000000000000e+00j)	 (-0.000000000000000000e+00-2.676390365350981293e-01j)	 (-0.000000000000000000e+00-2.148888706585816988e-01j)
 (9.380000000000000782e+00+0.000000000000000000e+00j)	 (-0.000000000000000000e+00-5.437264953301225445e-02j)	 (-0.000000000000000000e+00-1.922944250804083793e-02j)
 (9.400000000000000355e+00+0.000000000000000000e+00j)	 (0.000000000000000000e+00+2.116534921161294658e-01j)	 (0.000000000000000000e+00+2.223661598511056658e-01j)
 (9.419999999999999929e+00+0.000000000000000000e+00j)	 (0.000000000000000000e+00+4.127043722601396181e-01j)	 (0.000000000000000000e+00+4.027695219844686370e-01j)
 (9.439999999999999503e+00+0.000000000000000000e+00j)	 (0.000000000000000000e+00+4.744438166904123566e-01j)	 (0.000000000000000000e+00+4.656403372646398253e-01j)
 (9.460000000000000853e+00+0.000000000000000000e+00j)	 (0.000000000000000000e+00+3.832339574413039518e-01j)	 (0.000000000000000000e+00+3.853906331239229099e-01j)
 (9.480000000000000426e+00+0.000000000000000000e+00j)	 (0.000000000000000000e+00+1.612682234322479202e-01j)	 (0.000000000000000000e+00+1.850623666191752448e-01j)
 (9.500000000000000000e+00+0.000000000000000000e+00j)	 (-0.000000000000000000e+00-8.951660146270917773e-02j)	 (-0.000000000000000000e+00-3.563506473629424881e-02j)
 (9.519999999999999574e+00+0.000000000000000000e+00j)	 (-0.000000000000000000e+00-2.712799707748220213e-01j)	 (-0.000000000000000000e+00-1.995793431625061121e-01j)
 (9.540000000000000924e+00+0.000000000000000000e+00j)	 (-0.000000000000000000e+00-3.162473372664527105e-01j)	 (-0.000000000000000000e+00-2.372635098079153848e-01j)
 (9.560000000000000497e+00+0.000000000000000000e+00j)	 (-0.000000000000000000e+00-2.005543827731754158e-01j)	 (-0.000000000000000000e+00-1.320357356761989731e-01j)
 (9.580000000000000071e+00+0.000000000000000000e+00j)	 (0.000000000000000000e+00+1.650873400724323092e-02j)	 (0.000000000000000000e+00+6.300100487025872553e-02j)
 (9.599999999999999645e+00+0.000000000000000000e+00j)	 (0.000000000000000000e+00+2.711704095623176936e-01j)	 (0.000000000000000000e+00+2.912875974870749451e-01j)
 (9.620000000000000995e+00+0.000000000000000000e+00j)	 (0.000000000000000000e+00+4.560193867451840521e-01j)	 (0.000000000000000000e+00+4.603327381104219684e-01j)
 (9.640000000000000568e+00+0.000000000000000000e+00j)	 (0.000000000000000000e+00+4.957564971157455980e-01j)	 (0.000000000000000000e+00+4.966050252531694631e-01j)
 (9.660000000000000142e+00+0.000000000000000000e+00j)	 (0.000000000000000000e+00+3.789514105881123807e-01j)	 (0.000000000000000000e+00+3.855275036531472521e-01j)
 (9.679999999999999716e+00+0.000000000000000000e+00j)	 (0.000000000000000000e+00+1.446329853855982117e-01j)	 (0.000000000000000000e+00+1.807661419042307926e-01j)
 (9.700000000000001066e+00+0.000000000000000000e+00j)	 (-0.000000000000000000e+00-1.048685350610847611e-01j)	 (-0.000000000000000000e+00-4.720397705532182464e-02j)
 (9.720000000000000639e+00+0.000000000000000000e+00j)	 (-0.000000000000000000e+00-2.788778152819840761e-01j)	 (-0.000000000000000000e+00-2.074953857212021302e-01j)
 (9.740000000000000213e+00+0.000000000000000000e+00j)	 (-0.000000000000000000e+00-3.186113722619524080e-01j)	 (-0.000000000000000000e+00-2.411831797220254647e-01j)
 (9.759999999999999787e+00+0.000000000000000000e+00j)	 (-0.000000000000000000e+00-1.897867637498506510e-01j)	 (-0.000000000000000000e+00-1.262178641211800234e-01j)
 (9.779999999999999361e+00+0.000000000000000000e+00j)	 (0.000000000000000000e+00+3.605298179622320326e-02j)	 (0.000000000000000000e+00+7.352964119911022112e-02j)
 (9.800000000000000711e+00+0.000000000000000000e+00j)	 (0.000000000000000000e+00+2.950601677987484406e-01j)	 (0.000000000000000000e+00+3.046061093447668400e-01j)
 (9.820000000000000284e+00+0.000000000000000000e+00j)	 (0.000000000000000000e+00+4.454537625946986545e-01j)	 (0.000000000000000000e+00+4.394079996155536572e-01j)
 (9.839999999999999858e+00+0.000000000000000000e+00j)	 (0.000000000000000000e+00+4.617814321243622344e-01j)	 (0.000000000000000000e+00+4.521647799002251888e-01j)
 (9.859999999999999432e+00+0.000000000000000000e+00j)	 (0.000000000000000000e+00+3.255127416997969370e-01j)	 (0.000000000000000000e+00+3.261491378028648080e-01j)
 (9.880000000000000782e+00+0.000000000000000000e+00j)	 (0.000000000000000000e+00+8.389338033532686700e-02j)	 (0.000000000000000000e+00+1.024195780024144131e-01j)
 (9.900000000000000355e+00+0.000000000000000000e+00j)	 (-0.000000000000000000e+00-1.831201981808913137e-01j)	 (-0.000000000000000000e+00-1.348955157039687658e-01j)
 (9.919999999999999929e+00+0.000000000000000000e+00j)	 (-0.000000000000000000e+00-3.385736342790749420e-01j)	 (-0.000000000000000000e+00-2.829950412778123314e-01j)
 (9.939999999999999503e+00+0.000000000000000000e+00j)	 (-0.000000000000000000e+00-3.546085585195666856e-01j)	 (-0.000000000000000000e+00-2.996663616213719461e-01j)
 (9.960000000000000853e+00+0.000000000000000000e+00j)	 (-0.000000000000000000e+00-2.159629561604202164e-01j)	 (-0.000000000000000000e+00-1.760467783624396210e-01j)
 (9.980000000000000426e+00+0.000000000000000000e+00j)	 (0.000000000000000000e+00+1.963321253657842463e-02j)	 (0.000000000000000000e+00+3.038123561061394778e-02j)
 (1.000000000000000000e+01+0.000000000000000000e+00j)	 (0.000000000000000000e+00+2.541122239460516519e-01j)	 (0.000000000000000000e+00+2.406771951035072410e-01j)
